pres,time,temp,conductivity,sbeox0v,fluo_chl,upoly0,upoly1,potemp,sal00,sigma,sbeox_ml,sbeox_mm,flag,second,day_name,month,day,year,fluo_flbb,bb700,cdom,echov1,fluo_440,fluo_470,fluo_532,date
1.581462999999938,9H 37M 42S,NA,NA,NA,NA,NA,NA,NA,NA,NA,NA,NA,NA,34662,Tue,Oct,12,2021,50,103,56,527,58,57,50,12 Oct 2021
1.7600330000000466,9H 37M 44S,NA,NA,NA,NA,NA,NA,NA,NA,NA,NA,NA,NA,34664,Tue,Oct,12,2021,50,127,53,527,58,57,51,12 Oct 2021
1.742899999999936,9H 37M 45S,NA,NA,NA,NA,NA,NA,NA,NA,NA,NA,NA,NA,34665,Tue,Oct,12,2021,45,111,54,527,55,59,53,12 Oct 2021
1.624143999999913,9H 37M 46S,NA,NA,NA,NA,NA,NA,NA,NA,NA,NA,NA,NA,34666,Tue,Oct,12,2021,63,98,53,527,53,58,55,12 Oct 2021
1.586613000000034,9H 37M 47S,NA,NA,NA,NA,NA,NA,NA,NA,NA,NA,NA,NA,34667,Tue,Oct,12,2021,37,108,53,527,53,58,57,12 Oct 2021
1.6964020000001039,9H 37M 48S,NA,NA,NA,NA,NA,NA,NA,NA,NA,NA,NA,NA,34668,Tue,Oct,12,2021,54,120,52,527,54,60,54,12 Oct 2021
1.7505549999999712,9H 37M 49S,NA,NA,NA,NA,NA,NA,NA,NA,NA,NA,NA,NA,34669,Tue,Oct,12,2021,56,122,53,527,55,57,54,12 Oct 2021
1.6205540000000473,9H 37M 51S,NA,NA,NA,NA,NA,NA,NA,NA,NA,NA,NA,NA,34671,Tue,Oct,12,2021,66,138,54,527,52,55,54,12 Oct 2021
1.7070580000000628,9H 37M 52S,NA,NA,NA,NA,NA,NA,NA,NA,NA,NA,NA,NA,34672,Tue,Oct,12,2021,35,124,53,527,55,58,50,12 Oct 2021
1.7227399999999615,9H 37M 53S,NA,NA,NA,NA,NA,NA,NA,NA,NA,NA,NA,NA,34673,Tue,Oct,12,2021,43,102,53,527,56,59,54,12 Oct 2021
1.6335639999999256,9H 37M 54S,NA,NA,NA,NA,NA,NA,NA,NA,NA,NA,NA,NA,34674,Tue,Oct,12,2021,45,114,53,527,56,61,54,12 Oct 2021
1.6978140000000859,9H 37M 56S,NA,NA,NA,NA,NA,NA,NA,NA,NA,NA,NA,NA,34676,Tue,Oct,12,2021,23,116,54,527,55,60,55,12 Oct 2021
1.7479329999999829,9H 37M 57S,NA,NA,NA,NA,NA,NA,NA,NA,NA,NA,NA,NA,34677,Tue,Oct,12,2021,32,100,54,527,51,57,52,12 Oct 2021
1.6766710000000968,9H 38M 0S,NA,NA,NA,NA,NA,NA,NA,NA,NA,NA,NA,NA,34680,Tue,Oct,12,2021,55,59,53,527,50,51,50,12 Oct 2021
1.7297229999999764,9H 38M 1S,NA,NA,NA,NA,NA,NA,NA,NA,NA,NA,NA,NA,34681,Tue,Oct,12,2021,12,141,52,527,58,58,56,12 Oct 2021
1.6927229999999762,9H 38M 2S,NA,NA,NA,NA,NA,NA,NA,NA,NA,NA,NA,NA,34682,Tue,Oct,12,2021,70,130,55,527,52,51,48,12 Oct 2021
1.792225000000144,9H 38M 3S,NA,NA,NA,NA,NA,NA,NA,NA,NA,NA,NA,NA,34683,Tue,Oct,12,2021,34,72,50,527,54,59,54,12 Oct 2021
2.082350000000224,9H 38M 4S,NA,NA,NA,NA,NA,NA,NA,NA,NA,NA,NA,NA,34684,Tue,Oct,12,2021,57,137,54,527,50,52,48,12 Oct 2021
2.397443000000181,9H 38M 5S,NA,NA,NA,NA,NA,NA,NA,NA,NA,NA,NA,NA,34685,Tue,Oct,12,2021,64,103,54,527,52,50,52,12 Oct 2021
2.6179230000001046,9H 38M 6S,NA,NA,NA,NA,NA,NA,NA,NA,NA,NA,NA,NA,34686,Tue,Oct,12,2021,46,128,52,527,50,51,51,12 Oct 2021
2.896064000000246,9H 38M 7S,NA,NA,NA,NA,NA,NA,NA,NA,NA,NA,NA,NA,34687,Tue,Oct,12,2021,66,122,53,527,52,52,52,12 Oct 2021
3.908525000000336,9H 38M 9S,NA,NA,NA,NA,NA,NA,NA,NA,NA,NA,NA,NA,34689,Tue,Oct,12,2021,48,113,54,527,53,54,54,12 Oct 2021
4.361106000000247,9H 38M 10S,NA,NA,NA,NA,NA,NA,NA,NA,NA,NA,NA,NA,34690,Tue,Oct,12,2021,53,124,50,527,56,55,53,12 Oct 2021
4.795038000000306,9H 38M 11S,NA,NA,NA,NA,NA,NA,NA,NA,NA,NA,NA,NA,34691,Tue,Oct,12,2021,57,116,56,527,54,56,51,12 Oct 2021
5.357961000000411,9H 38M 12S,NA,NA,NA,NA,NA,NA,NA,NA,NA,NA,NA,NA,34692,Tue,Oct,12,2021,34,127,54,527,56,56,50,12 Oct 2021
5.981247000000389,9H 38M 13S,NA,NA,NA,NA,NA,NA,NA,NA,NA,NA,NA,NA,34693,Tue,Oct,12,2021,70,129,54,527,58,61,51,12 Oct 2021
6.589810000000391,9H 38M 14S,NA,NA,NA,NA,NA,NA,NA,NA,NA,NA,NA,NA,34694,Tue,Oct,12,2021,81,157,52,527,55,59,50,12 Oct 2021
7.85181000000039,9H 38M 16S,NA,NA,NA,NA,NA,NA,NA,NA,NA,NA,NA,NA,34696,Tue,Oct,12,2021,130,31,60,527,55,65,54,12 Oct 2021
9.009600000000384,9H 38M 18S,NA,NA,NA,NA,NA,NA,NA,NA,NA,NA,NA,NA,34698,Tue,Oct,12,2021,18,159,53,527,53,59,51,12 Oct 2021
9.613247000000388,9H 38M 19S,NA,NA,NA,NA,NA,NA,NA,NA,NA,NA,NA,NA,34699,Tue,Oct,12,2021,84,121,53,527,52,54,51,12 Oct 2021
10.216079000000384,9H 38M 20S,NA,NA,NA,NA,NA,NA,NA,NA,NA,NA,NA,NA,34700,Tue,Oct,12,2021,66,142,53,527,53,57,53,12 Oct 2021
11.506188000000403,9H 38M 22S,NA,NA,NA,NA,NA,NA,NA,NA,NA,NA,NA,NA,34702,Tue,Oct,12,2021,59,114,53,527,52,59,55,12 Oct 2021
12.078962000000335,9H 38M 23S,NA,NA,NA,NA,NA,NA,NA,NA,NA,NA,NA,NA,34703,Tue,Oct,12,2021,8,101,52,527,51,57,54,12 Oct 2021
12.6556670000004,9H 38M 24S,NA,NA,NA,NA,NA,NA,NA,NA,NA,NA,NA,NA,34704,Tue,Oct,12,2021,97,144,52,527,57,60,50,12 Oct 2021
13.296213000000417,9H 38M 25S,NA,NA,NA,NA,NA,NA,NA,NA,NA,NA,NA,NA,34705,Tue,Oct,12,2021,35,96,53,527,55,59,51,12 Oct 2021
14.478205000000388,9H 38M 27S,NA,NA,NA,NA,NA,NA,NA,NA,NA,NA,NA,NA,34707,Tue,Oct,12,2021,37,60,55,527,54,58,55,12 Oct 2021
15.126969000000441,9H 38M 28S,NA,NA,NA,NA,NA,NA,NA,NA,NA,NA,NA,NA,34708,Tue,Oct,12,2021,51,160,52,527,50,52,56,12 Oct 2021
15.830557000000459,9H 38M 29S,NA,NA,NA,NA,NA,NA,NA,NA,NA,NA,NA,NA,34709,Tue,Oct,12,2021,50,117,54,527,57,57,56,12 Oct 2021
16.453777000000343,9H 38M 30S,NA,NA,NA,NA,NA,NA,NA,NA,NA,NA,NA,NA,34710,Tue,Oct,12,2021,29,135,52,527,51,58,54,12 Oct 2021
17.493045000000414,9H 38M 32S,NA,NA,NA,NA,NA,NA,NA,NA,NA,NA,NA,NA,34712,Tue,Oct,12,2021,61,102,52,527,52,55,50,12 Oct 2021
18.20004400000049,9H 38M 33S,NA,NA,NA,NA,NA,NA,NA,NA,NA,NA,NA,NA,34713,Tue,Oct,12,2021,45,126,NA,NA,50,55,52,12 Oct 2021
18.897356000000407,9H 38M 34S,NA,NA,NA,NA,NA,NA,NA,NA,NA,NA,NA,NA,34714,Tue,Oct,12,2021,22,101,52,527,53,56,47,12 Oct 2021
19.957525000000338,9H 38M 36S,NA,NA,NA,NA,NA,NA,NA,NA,NA,NA,NA,NA,34716,Tue,Oct,12,2021,38,146,54,527,56,56,51,12 Oct 2021
20.55963300000043,9H 38M 37S,NA,NA,NA,NA,NA,NA,NA,NA,NA,NA,NA,NA,34717,Tue,Oct,12,2021,39,111,53,527,56,61,56,12 Oct 2021
21.22221300000042,9H 38M 38S,NA,NA,NA,NA,NA,NA,NA,NA,NA,NA,NA,NA,34718,Tue,Oct,12,2021,49,123,53,527,54,57,54,12 Oct 2021
21.824155000000356,9H 38M 39S,NA,NA,NA,NA,NA,NA,NA,NA,NA,NA,NA,NA,34719,Tue,Oct,12,2021,41,123,54,527,53,55,53,12 Oct 2021
22.39113800000037,9H 38M 40S,NA,NA,NA,NA,NA,NA,NA,NA,NA,NA,NA,NA,34720,Tue,Oct,12,2021,50,123,52,527,53,57,50,12 Oct 2021
23.007171000000415,9H 38M 41S,NA,NA,NA,NA,NA,NA,NA,NA,NA,NA,NA,NA,34721,Tue,Oct,12,2021,57,125,54,527,58,58,52,12 Oct 2021
23.625869000000378,9H 38M 42S,NA,NA,NA,NA,NA,NA,NA,NA,NA,NA,NA,NA,34722,Tue,Oct,12,2021,56,131,53,527,59,58,52,12 Oct 2021
24.178399000000333,9H 38M 43S,NA,NA,NA,NA,NA,NA,NA,NA,NA,NA,NA,NA,34723,Tue,Oct,12,2021,57,126,55,527,58,60,53,12 Oct 2021
25.399154000000433,9H 38M 45S,NA,NA,NA,NA,NA,NA,NA,NA,NA,NA,NA,NA,34725,Tue,Oct,12,2021,57,126,54,527,60,61,52,12 Oct 2021
26.027306000000376,9H 38M 46S,NA,NA,NA,NA,NA,NA,NA,NA,NA,NA,NA,NA,34726,Tue,Oct,12,2021,57,127,NA,NA,60,64,51,12 Oct 2021
27.207314000000405,9H 38M 48S,NA,NA,NA,NA,NA,NA,NA,NA,NA,NA,NA,NA,34728,Tue,Oct,12,2021,56,140,52,527,59,62,50,12 Oct 2021
27.86371700000043,9H 38M 49S,NA,NA,NA,NA,NA,NA,NA,NA,NA,NA,NA,NA,34729,Tue,Oct,12,2021,60,130,52,527,61,61,51,12 Oct 2021
28.503726000000388,9H 38M 50S,NA,NA,NA,NA,NA,NA,NA,NA,NA,NA,NA,NA,34730,Tue,Oct,12,2021,58,133,53,527,60,62,57,12 Oct 2021
29.072735000000343,9H 38M 51S,NA,NA,NA,NA,NA,NA,NA,NA,NA,NA,NA,NA,34731,Tue,Oct,12,2021,59,134,54,527,61,65,53,12 Oct 2021
29.621802000000358,9H 38M 52S,NA,NA,NA,NA,NA,NA,NA,NA,NA,NA,NA,NA,34732,Tue,Oct,12,2021,60,131,54,527,65,64,50,12 Oct 2021
30.87653200000044,9H 38M 54S,NA,NA,NA,NA,NA,NA,NA,NA,NA,NA,NA,NA,34734,Tue,Oct,12,2021,59,131,54,527,66,68,50,12 Oct 2021
31.560717000000434,9H 38M 55S,NA,NA,NA,NA,NA,NA,NA,NA,NA,NA,NA,NA,34735,Tue,Oct,12,2021,59,127,53,527,62,66,52,12 Oct 2021
32.18353300000037,9H 38M 56S,NA,NA,NA,NA,NA,NA,NA,NA,NA,NA,NA,NA,34736,Tue,Oct,12,2021,57,133,55,527,61,66,52,12 Oct 2021
32.70808000000031,9H 38M 57S,NA,NA,NA,NA,NA,NA,NA,NA,NA,NA,NA,NA,34737,Tue,Oct,12,2021,60,131,53,527,65,68,51,12 Oct 2021
33.89258200000047,9H 38M 59S,NA,NA,NA,NA,NA,NA,NA,NA,NA,NA,NA,NA,34739,Tue,Oct,12,2021,59,129,53,527,61,68,52,12 Oct 2021
34.63093500000047,9H 39M 0S,NA,NA,NA,NA,NA,NA,NA,NA,NA,NA,NA,NA,34740,Tue,Oct,12,2021,60,129,54,527,61,66,51,12 Oct 2021
36.93896900000044,9H 39M 4S,NA,NA,NA,NA,NA,NA,NA,NA,NA,NA,NA,NA,34744,Tue,Oct,12,2021,63,132,54,527,66,70,52,12 Oct 2021
37.63213700000045,9H 39M 5S,NA,NA,NA,NA,NA,NA,NA,NA,NA,NA,NA,NA,34745,Tue,Oct,12,2021,61,132,54,527,65,70,50,12 Oct 2021
38.27807900000038,9H 39M 6S,NA,NA,NA,NA,NA,NA,NA,NA,NA,NA,NA,NA,34746,Tue,Oct,12,2021,65,133,53,527,67,72,50,12 Oct 2021
38.82081100000031,9H 39M 7S,NA,NA,NA,NA,NA,NA,NA,NA,NA,NA,NA,NA,34747,Tue,Oct,12,2021,63,134,54,527,67,73,50,12 Oct 2021
39.28836600000029,9H 39M 8S,NA,NA,NA,NA,NA,NA,NA,NA,NA,NA,NA,NA,34748,Tue,Oct,12,2021,65,135,54,527,65,71,52,12 Oct 2021
39.82918800000041,9H 39M 9S,NA,NA,NA,NA,NA,NA,NA,NA,NA,NA,NA,NA,34749,Tue,Oct,12,2021,67,134,53,527,65,70,54,12 Oct 2021
40.54159000000051,9H 39M 10S,NA,NA,NA,NA,NA,NA,NA,NA,NA,NA,NA,NA,34750,Tue,Oct,12,2021,69,134,54,527,66,69,54,12 Oct 2021
41.72432400000029,9H 39M 12S,NA,NA,NA,NA,NA,NA,NA,NA,NA,NA,NA,NA,34752,Tue,Oct,12,2021,69,135,54,527,64,69,51,12 Oct 2021
42.27148200000041,9H 39M 13S,NA,NA,NA,NA,NA,NA,NA,NA,NA,NA,NA,NA,34753,Tue,Oct,12,2021,69,133,54,527,67,67,51,12 Oct 2021
42.94213700000045,9H 39M 14S,NA,NA,NA,NA,NA,NA,NA,NA,NA,NA,NA,NA,34754,Tue,Oct,12,2021,69,133,54,527,66,69,51,12 Oct 2021
43.54796200000034,9H 39M 15S,NA,NA,NA,NA,NA,NA,NA,NA,NA,NA,NA,NA,34755,Tue,Oct,12,2021,67,135,55,527,69,70,49,12 Oct 2021
44.020467000000274,9H 39M 16S,NA,NA,NA,NA,NA,NA,NA,NA,NA,NA,NA,NA,34756,Tue,Oct,12,2021,67,134,55,527,68,71,53,12 Oct 2021
44.52509600000037,9H 39M 17S,NA,NA,NA,NA,NA,NA,NA,NA,NA,NA,NA,NA,34757,Tue,Oct,12,2021,67,131,55,527,69,71,54,12 Oct 2021
45.16465800000045,9H 39M 18S,NA,NA,NA,NA,NA,NA,NA,NA,NA,NA,NA,NA,34758,Tue,Oct,12,2021,67,132,55,527,68,70,53,12 Oct 2021
46.99851600000038,9H 39M 21S,NA,NA,NA,NA,NA,NA,NA,NA,NA,NA,NA,NA,34761,Tue,Oct,12,2021,69,136,55,527,70,73,52,12 Oct 2021
47.61535600000041,9H 39M 22S,NA,NA,NA,NA,NA,NA,NA,NA,NA,NA,NA,NA,34762,Tue,Oct,12,2021,71,134,55,527,70,72,52,12 Oct 2021
48.20238200000035,9H 39M 23S,NA,NA,NA,NA,NA,NA,NA,NA,NA,NA,NA,NA,34763,Tue,Oct,12,2021,69,131,55,527,70,72,50,12 Oct 2021
48.72979400000033,9H 39M 24S,NA,NA,NA,NA,NA,NA,NA,NA,NA,NA,NA,NA,34764,Tue,Oct,12,2021,70,134,54,527,67,74,5,12 Oct 2021
49.3011040000004,9H 39M 25S,NA,NA,NA,NA,NA,NA,NA,NA,NA,NA,NA,NA,34765,Tue,Oct,12,2021,70,134,55,527,69,73,56,12 Oct 2021
49.965742000000446,9H 39M 26S,NA,NA,NA,NA,NA,NA,NA,NA,NA,NA,NA,NA,34766,Tue,Oct,12,2021,72,135,54,527,66,76,56,12 Oct 2021
50.622936000000394,9H 39M 27S,NA,NA,NA,NA,NA,NA,NA,NA,NA,NA,NA,NA,34767,Tue,Oct,12,2021,73,134,54,527,68,75,55,12 Oct 2021
51.165996000000305,9H 39M 28S,NA,NA,NA,NA,NA,NA,NA,NA,NA,NA,NA,NA,34768,Tue,Oct,12,2021,74,138,55,527,71,80,55,12 Oct 2021
52.35872500000047,9H 39M 30S,NA,NA,NA,NA,NA,NA,NA,NA,NA,NA,NA,NA,34770,Tue,Oct,12,2021,77,135,55,527,71,79,55,12 Oct 2021
52.98577700000035,9H 39M 31S,NA,NA,NA,NA,NA,NA,NA,NA,NA,NA,NA,NA,34771,Tue,Oct,12,2021,78,136,54,527,71,82,54,12 Oct 2021
53.49099600000031,9H 39M 32S,NA,NA,NA,NA,NA,NA,NA,NA,NA,NA,NA,NA,34772,Tue,Oct,12,2021,83,137,54,527,71,83,52,12 Oct 2021
54.05504500000041,9H 39M 33S,NA,NA,NA,NA,NA,NA,NA,NA,NA,NA,NA,NA,34773,Tue,Oct,12,2021,83,137,55,527,72,86,55,12 Oct 2021
54.71932200000043,9H 39M 34S,NA,NA,NA,NA,NA,NA,NA,NA,NA,NA,NA,NA,34774,Tue,Oct,12,2021,85,138,54,527,72,84,53,12 Oct 2021
55.7913070000003,9H 39M 36S,NA,NA,NA,NA,NA,NA,NA,NA,NA,NA,NA,NA,34776,Tue,Oct,12,2021,88,137,5,NA,76,89,55,12 Oct 2021
56.35833900000042,9H 39M 37S,NA,NA,NA,NA,NA,NA,NA,NA,NA,NA,NA,NA,34777,Tue,Oct,12,2021,94,140,55,527,82,93,55,12 Oct 2021
57.67245800000032,9H 39M 39S,NA,NA,NA,NA,NA,NA,NA,NA,NA,NA,NA,NA,34779,Tue,Oct,12,2021,102,137,55,527,94,112,56,12 Oct 2021
58.17202100000032,9H 39M 40S,NA,NA,NA,NA,NA,NA,NA,NA,NA,NA,NA,NA,34780,Tue,Oct,12,2021,113,138,55,527,96,117,57,12 Oct 2021
58.79337200000047,9H 39M 41S,NA,NA,NA,NA,NA,NA,NA,NA,NA,NA,NA,NA,34781,Tue,Oct,12,2021,117,145,55,527,99,118,56,12 Oct 2021
59.44618000000037,9H 39M 42S,NA,NA,NA,NA,NA,NA,NA,NA,NA,NA,NA,NA,34782,Tue,Oct,12,2021,122,141,55,527,101,121,54,12 Oct 2021
59.89645100000021,9H 39M 43S,NA,NA,NA,NA,NA,NA,NA,NA,NA,NA,NA,NA,34783,Tue,Oct,12,2021,129,137,55,527,101,124,55,12 Oct 2021
60.37072600000039,9H 39M 44S,NA,NA,NA,NA,NA,NA,NA,NA,NA,NA,NA,NA,34784,Tue,Oct,12,2021,132,142,55,527,105,127,55,12 Oct 2021
61.087699000000526,9H 39M 45S,NA,NA,NA,NA,NA,NA,NA,NA,NA,NA,NA,NA,34785,Tue,Oct,12,2021,132,137,55,527,106,129,57,12 Oct 2021
61.82438100000042,9H 39M 46S,NA,NA,NA,NA,NA,NA,NA,NA,NA,NA,NA,NA,34786,Tue,Oct,12,2021,138,139,55,527,109,132,58,12 Oct 2021
62.89287800000033,9H 39M 48S,NA,NA,NA,NA,NA,NA,NA,NA,NA,NA,NA,NA,34788,Tue,Oct,12,2021,141,139,55,527,104,135,59,12 Oct 2021
63.470793000000405,9H 39M 49S,NA,NA,NA,NA,NA,NA,NA,NA,NA,NA,NA,NA,34789,Tue,Oct,12,2021,700,460,527,NA,109,136,56,12 Oct 2021
64.11629700000042,9H 39M 50S,NA,NA,NA,NA,NA,NA,NA,NA,NA,NA,NA,NA,34790,Tue,Oct,12,2021,137,139,55,527,107,134,59,12 Oct 2021
65.30034000000035,9H 39M 52S,NA,NA,NA,NA,NA,NA,NA,NA,NA,NA,NA,NA,34792,Tue,Oct,12,2021,139,141,55,527,108,137,61,12 Oct 2021
65.86326400000037,9H 39M 53S,NA,NA,NA,NA,NA,NA,NA,NA,NA,NA,NA,NA,34793,Tue,Oct,12,2021,140,143,55,527,108,134,62,12 Oct 2021
66.4696670000004,9H 39M 54S,NA,NA,NA,NA,NA,NA,NA,NA,NA,NA,NA,NA,34794,Tue,Oct,12,2021,137,140,55,527,106,133,59,12 Oct 2021
67.09145700000039,9H 39M 55S,NA,NA,NA,NA,NA,NA,NA,NA,NA,NA,NA,NA,34795,Tue,Oct,12,2021,139,142,55,527,110,135,60,12 Oct 2021
68.16390300000035,9H 39M 57S,NA,NA,NA,NA,NA,NA,NA,NA,NA,NA,NA,NA,34797,Tue,Oct,12,2021,135,141,55,527,107,133,59,12 Oct 2021
68.78922100000045,9H 39M 58S,NA,NA,NA,NA,NA,NA,NA,NA,NA,NA,NA,NA,34798,Tue,Oct,12,2021,137,142,55,527,105,130,60,12 Oct 2021
69.4579190000004,9H 39M 59S,NA,NA,NA,NA,NA,NA,NA,NA,NA,NA,NA,NA,34799,Tue,Oct,12,2021,136,139,55,527,110,132,58,12 Oct 2021
70.03075200000032,9H 40M 0S,NA,NA,NA,NA,NA,NA,NA,NA,NA,NA,NA,NA,34800,Tue,Oct,12,2021,139,140,55,527,106,131,58,12 Oct 2021
70.56150800000034,9H 40M 1S,NA,NA,NA,NA,NA,NA,NA,NA,NA,NA,NA,NA,34801,Tue,Oct,12,2021,13,NA,NA,NA,107,132,58,12 Oct 2021
71.15639800000041,9H 40M 2S,NA,NA,NA,NA,NA,NA,NA,NA,NA,NA,NA,NA,34802,Tue,Oct,12,2021,138,139,55,527,108,133,59,12 Oct 2021
71.77668400000039,9H 40M 3S,NA,NA,NA,NA,NA,NA,NA,NA,NA,NA,NA,NA,34803,Tue,Oct,12,2021,140,141,55,527,109,134,58,12 Oct 2021
72.94224700000039,9H 40M 5S,NA,NA,NA,NA,NA,NA,NA,NA,NA,NA,NA,NA,34805,Tue,Oct,12,2021,141,139,54,527,108,136,55,12 Oct 2021
74.09470100000037,9H 40M 7S,NA,NA,NA,NA,NA,NA,NA,NA,NA,NA,NA,NA,34807,Tue,Oct,12,2021,144,138,55,527,111,139,58,12 Oct 2021
74.75020400000047,9H 40M 8S,NA,NA,NA,NA,NA,NA,NA,NA,NA,NA,NA,NA,34808,Tue,Oct,12,2021,147,141,55,527,111,140,56,12 Oct 2021
75.4257510000004,9H 40M 9S,NA,NA,NA,NA,NA,NA,NA,NA,NA,NA,NA,NA,34809,Tue,Oct,12,2021,142,140,55,527,110,141,56,12 Oct 2021
75.9780800000003,9H 40M 10S,NA,NA,NA,NA,NA,NA,NA,NA,NA,NA,NA,NA,34810,Tue,Oct,12,2021,143,140,55,527,111,137,57,12 Oct 2021
76.52112100000038,9H 40M 11S,NA,NA,NA,NA,NA,NA,NA,NA,NA,NA,NA,NA,34811,Tue,Oct,12,2021,147,140,55,527,112,137,57,12 Oct 2021
77.15702800000042,9H 40M 12S,NA,NA,NA,NA,NA,NA,NA,NA,NA,NA,NA,NA,34812,Tue,Oct,12,2021,150,139,56,527,114,139,53,12 Oct 2021
78.91691100000038,9H 40M 15S,NA,NA,NA,NA,NA,NA,NA,NA,NA,NA,NA,NA,34815,Tue,Oct,12,2021,155,138,56,527,122,155,57,12 Oct 2021
79.53708700000041,9H 40M 16S,NA,NA,NA,NA,NA,NA,NA,NA,NA,NA,NA,NA,34816,Tue,Oct,12,2021,161,141,56,527,119,153,57,12 Oct 2021
80.13667600000035,9H 40M 17S,NA,NA,NA,NA,NA,NA,NA,NA,NA,NA,NA,NA,34817,Tue,Oct,12,2021,157,138,55,527,119,150,57,12 Oct 2021
80.68538200000035,9H 40M 18S,NA,NA,NA,NA,NA,NA,NA,NA,NA,NA,NA,NA,34818,Tue,Oct,12,2021,156,142,55,527,118,155,58,12 Oct 2021
81.28208700000042,9H 40M 19S,NA,NA,NA,NA,NA,NA,NA,NA,NA,NA,NA,NA,34819,Tue,Oct,12,2021,168,141,55,527,121,157,59,12 Oct 2021
81.91085200000039,9H 40M 20S,NA,NA,NA,NA,NA,NA,NA,NA,NA,NA,NA,NA,34820,Tue,Oct,12,2021,168,150,55,527,120,155,56,12 Oct 2021
82.48065100000034,9H 40M 21S,NA,NA,NA,NA,NA,NA,NA,NA,NA,NA,NA,NA,34821,Tue,Oct,12,2021,162,144,56,527,120,152,57,12 Oct 2021
84.22803700000038,9H 40M 24S,NA,NA,NA,NA,NA,NA,NA,NA,NA,NA,NA,NA,34824,Tue,Oct,12,2021,159,139,56,527,118,153,58,12 Oct 2021
84.8396250000004,9H 40M 25S,NA,NA,NA,NA,NA,NA,NA,NA,NA,NA,NA,NA,34825,Tue,Oct,12,2021,155,140,56,527,116,150,58,12 Oct 2021
85.4698350000004,9H 40M 26S,NA,NA,NA,NA,NA,NA,NA,NA,NA,NA,NA,NA,34826,Tue,Oct,12,2021,153,143,56,527,117,148,55,12 Oct 2021
86.0230380000003,9H 40M 27S,NA,NA,NA,NA,NA,NA,NA,NA,NA,NA,NA,NA,34827,Tue,Oct,12,2021,151,139,56,527,115,146,55,12 Oct 2021
86.52760900000034,9H 40M 28S,NA,NA,NA,NA,NA,NA,NA,NA,NA,NA,NA,NA,34828,Tue,Oct,12,2021,150,144,55,527,118,149,57,12 Oct 2021
87.14726300000045,9H 40M 29S,NA,NA,NA,NA,NA,NA,NA,NA,NA,NA,NA,NA,34829,Tue,Oct,12,2021,148,144,55,528,116,147,56,12 Oct 2021
87.85599400000045,9H 40M 30S,NA,NA,NA,NA,NA,NA,NA,NA,NA,NA,NA,NA,34830,Tue,Oct,12,2021,148,142,56,527,114,142,56,12 Oct 2021
88.46162600000032,9H 40M 31S,NA,NA,NA,NA,NA,NA,NA,NA,NA,NA,NA,NA,34831,Tue,Oct,12,2021,150,147,55,527,114,142,54,12 Oct 2021
89.5463140000004,9H 40M 33S,NA,NA,NA,NA,NA,NA,NA,NA,NA,NA,NA,NA,34833,Tue,Oct,12,2021,152,141,55,528,111,144,59,12 Oct 2021
90.18396100000041,9H 40M 34S,NA,NA,NA,NA,NA,NA,NA,NA,NA,NA,NA,NA,34834,Tue,Oct,12,2021,146,143,55,527,111,141,54,12 Oct 2021
90.79109600000037,9H 40M 35S,NA,NA,NA,NA,NA,NA,NA,NA,NA,NA,NA,NA,34835,Tue,Oct,12,2021,145,141,55,528,112,142,57,12 Oct 2021
91.39106200000039,9H 40M 36S,NA,NA,NA,NA,NA,NA,NA,NA,NA,NA,NA,NA,34836,Tue,Oct,12,2021,146,140,55,528,106,135,55,12 Oct 2021
91.98232300000035,9H 40M 37S,NA,NA,NA,NA,NA,NA,NA,NA,NA,NA,NA,NA,34837,Tue,Oct,12,2021,141,139,56,528,470,532,534,12 Oct 2021
93.03812100000037,9H 40M 39S,NA,NA,NA,NA,NA,NA,NA,NA,NA,NA,NA,NA,34839,Tue,Oct,12,2021,132,140,55,528,101,132,57,12 Oct 2021
93.71570800000048,9H 40M 40S,NA,NA,NA,NA,NA,NA,NA,NA,NA,NA,NA,NA,34840,Tue,Oct,12,2021,132,141,55,528,101,130,57,12 Oct 2021
94.90924000000028,9H 40M 42S,NA,NA,NA,NA,NA,NA,NA,NA,NA,NA,NA,NA,34842,Tue,Oct,12,2021,134,141,55,528,102,132,58,12 Oct 2021
95.42270100000037,9H 40M 43S,NA,NA,NA,NA,NA,NA,NA,NA,NA,NA,NA,NA,34843,Tue,Oct,12,2021,133,137,54,528,102,124,58,12 Oct 2021
96.05944800000043,9H 40M 44S,NA,NA,NA,NA,NA,NA,NA,NA,NA,NA,NA,NA,34844,Tue,Oct,12,2021,132,138,55,528,100,124,56,12 Oct 2021
96.70420500000039,9H 40M 45S,NA,NA,NA,NA,NA,NA,NA,NA,NA,NA,NA,NA,34845,Tue,Oct,12,2021,127,141,55,528,100,122,56,12 Oct 2021
97.26387800000033,9H 40M 46S,NA,NA,NA,NA,NA,NA,NA,NA,NA,NA,NA,NA,34846,Tue,Oct,12,2021,128,133,55,528,96,121,56,12 Oct 2021
97.79125600000035,9H 40M 47S,NA,NA,NA,NA,NA,NA,NA,NA,NA,NA,NA,NA,34847,Tue,Oct,12,2021,123,138,55,528,92,117,53,12 Oct 2021
98.3809190000004,9H 40M 48S,NA,NA,NA,NA,NA,NA,NA,NA,NA,NA,NA,NA,34848,Tue,Oct,12,2021,118,131,56,528,92,116,56,12 Oct 2021
99.03502800000042,9H 40M 49S,NA,NA,NA,NA,NA,NA,NA,NA,NA,NA,NA,NA,34849,Tue,Oct,12,2021,119,NA,NA,NA,91,111,57,12 Oct 2021
100.27681900000034,9H 40M 51S,NA,NA,NA,NA,NA,NA,NA,NA,NA,NA,NA,NA,34851,Tue,Oct,12,2021,116,134,54,528,90,113,57,12 Oct 2021
100.7798700000003,9H 40M 52S,NA,NA,NA,NA,NA,NA,NA,NA,NA,NA,NA,NA,34852,Tue,Oct,12,2021,115,129,55,528,91,113,57,12 Oct 2021
101.30249100000036,9H 40M 53S,NA,NA,NA,NA,NA,NA,NA,NA,NA,NA,NA,NA,34853,Tue,Oct,12,2021,117,131,55,528,88,119,62,12 Oct 2021
102.58895300000039,9H 40M 55S,NA,NA,NA,NA,NA,NA,NA,NA,NA,NA,NA,NA,34855,Tue,Oct,12,2021,113,130,54,528,91,116,60,12 Oct 2021
103.12047500000031,9H 40M 56S,NA,NA,NA,NA,NA,NA,NA,NA,NA,NA,NA,NA,34856,Tue,Oct,12,2021,111,127,54,528,87,112,59,12 Oct 2021
103.65591100000037,9H 40M 57S,NA,NA,NA,NA,NA,NA,NA,NA,NA,NA,NA,NA,34857,Tue,Oct,12,2021,107,130,54,528,83,111,59,12 Oct 2021
104.29744800000043,9H 40M 58S,NA,NA,NA,NA,NA,NA,NA,NA,NA,NA,NA,NA,34858,Tue,Oct,12,2021,107,125,54,528,85,104,61,12 Oct 2021
105.52805400000037,9H 41M 0S,NA,NA,NA,NA,NA,NA,NA,NA,NA,NA,NA,NA,34860,Tue,Oct,12,2021,103,124,54,528,80,96,55,12 Oct 2021
106.0473490000003,9H 41M 1S,NA,NA,NA,NA,NA,NA,NA,NA,NA,NA,NA,NA,34861,Tue,Oct,12,2021,94,119,54,528,77,94,54,12 Oct 2021
106.56532300000036,9H 41M 2S,NA,NA,NA,NA,NA,NA,NA,NA,NA,NA,NA,NA,34862,Tue,Oct,12,2021,94,117,55,528,470,532,534,12 Oct 2021
107.2424220000005,9H 41M 3S,NA,NA,NA,NA,NA,NA,NA,NA,NA,NA,NA,NA,34863,Tue,Oct,12,2021,91,119,54,528,73,91,57,12 Oct 2021
107.91501200000036,9H 41M 4S,NA,NA,NA,NA,NA,NA,NA,NA,NA,NA,NA,NA,34864,Tue,Oct,12,2021,91,116,54,528,75,86,51,12 Oct 2021
108.36457700000021,9H 41M 5S,NA,NA,NA,NA,NA,NA,NA,NA,NA,NA,NA,NA,34865,Tue,Oct,12,2021,83,116,55,528,72,83,51,12 Oct 2021
108.83912100000038,9H 41M 6S,NA,NA,NA,NA,NA,NA,NA,NA,NA,NA,NA,NA,34866,Tue,Oct,12,2021,83,117,55,528,71,83,51,12 Oct 2021
109.5328590000005,9H 41M 7S,NA,NA,NA,NA,NA,NA,NA,NA,NA,NA,NA,NA,34867,Tue,Oct,12,2021,80,112,54,528,69,82,52,12 Oct 2021
110.76536600000028,9H 41M 9S,NA,NA,NA,NA,NA,NA,NA,NA,NA,NA,NA,NA,34869,Tue,Oct,12,2021,80,113,55,528,71,80,52,12 Oct 2021
111.91857400000045,9H 41M 11S,NA,NA,NA,NA,NA,NA,NA,NA,NA,NA,NA,NA,34871,Tue,Oct,12,2021,74,110,55,528,66,76,55,12 Oct 2021
112.51202100000032,9H 41M 12S,NA,NA,NA,NA,NA,NA,NA,NA,NA,NA,NA,NA,34872,Tue,Oct,12,2021,71,109,55,528,63,68,51,12 Oct 2021
112.9916600000003,9H 41M 13S,NA,NA,NA,NA,NA,NA,NA,NA,NA,NA,NA,NA,34873,Tue,Oct,12,2021,70,107,55,528,65,67,53,12 Oct 2021
113.56315400000044,9H 41M 14S,NA,NA,NA,NA,NA,NA,NA,NA,NA,NA,NA,NA,34874,Tue,Oct,12,2021,69,103,55,528,64,72,55,12 Oct 2021
114.25330500000045,9H 41M 15S,NA,NA,NA,NA,NA,NA,NA,NA,NA,NA,NA,NA,34875,Tue,Oct,12,2021,65,107,56,528,470,532,534,12 Oct 2021
114.87807100000035,9H 41M 16S,NA,NA,NA,NA,NA,NA,NA,NA,NA,NA,NA,NA,34876,Tue,Oct,12,2021,67,105,54,528,66,65,54,12 Oct 2021
116.04542300000043,9H 41M 18S,NA,NA,NA,NA,NA,NA,NA,NA,NA,NA,NA,NA,34878,Tue,Oct,12,2021,63,103,55,528,64,67,53,12 Oct 2021
116.67299500000038,9H 41M 19S,NA,NA,NA,NA,NA,NA,NA,NA,NA,NA,NA,NA,34879,Tue,Oct,12,2021,66,101,55,528,62,68,54,12 Oct 2021
117.17734100000027,9H 41M 20S,NA,NA,NA,NA,NA,NA,NA,NA,NA,NA,NA,NA,34880,Tue,Oct,12,2021,67,103,56,528,64,64,55,12 Oct 2021
117.7067090000004,9H 41M 21S,NA,NA,NA,NA,NA,NA,NA,NA,NA,NA,NA,NA,34881,Tue,Oct,12,2021,65,101,55,528,61,66,54,12 Oct 2021
118.44251400000053,9H 41M 22S,NA,NA,NA,NA,NA,NA,NA,NA,NA,NA,NA,NA,34882,Tue,Oct,12,2021,63,104,54,528,62,68,56,12 Oct 2021
119.15564200000038,9H 41M 23S,NA,NA,NA,NA,NA,NA,NA,NA,NA,NA,NA,NA,34883,Tue,Oct,12,2021,66,102,55,528,63,66,57,12 Oct 2021
119.64719000000025,9H 41M 24S,NA,NA,NA,NA,NA,NA,NA,NA,NA,NA,NA,NA,34884,Tue,Oct,12,2021,64,102,55,528,62,64,54,12 Oct 2021
121.35971800000036,9H 41M 27S,NA,NA,NA,NA,NA,NA,NA,NA,NA,NA,NA,NA,34887,Tue,Oct,12,2021,62,100,56,528,59,63,57,12 Oct 2021
121.92084400000036,9H 41M 28S,NA,NA,NA,NA,NA,NA,NA,NA,NA,NA,NA,NA,34888,Tue,Oct,12,2021,59,101,55,528,470,532,535,12 Oct 2021
122.5171460000004,9H 41M 29S,NA,NA,NA,NA,NA,NA,NA,NA,NA,NA,NA,NA,34889,Tue,Oct,12,2021,58,98,55,528,58,61,59,12 Oct 2021
123.1441880000004,9H 41M 30S,NA,NA,NA,NA,NA,NA,NA,NA,NA,NA,NA,NA,34890,Tue,Oct,12,2021,59,100,56,529,55,62,56,12 Oct 2021
123.74561700000037,9H 41M 31S,NA,NA,NA,NA,NA,NA,NA,NA,NA,NA,NA,NA,34891,Tue,Oct,12,2021,54,96,56,528,57,58,55,12 Oct 2021
124.33772600000039,9H 41M 32S,NA,NA,NA,NA,NA,NA,NA,NA,NA,NA,NA,NA,34892,Tue,Oct,12,2021,56,97,55,529,54,57,52,12 Oct 2021
124.93695300000039,9H 41M 33S,NA,NA,NA,NA,NA,NA,NA,NA,NA,NA,NA,NA,34893,Tue,Oct,12,2021,54,58,55,535,54,58,55,12 Oct 2021
124.93695300000039,9H 41M 33S,NA,NA,NA,NA,NA,NA,NA,NA,NA,NA,NA,NA,34893,Tue,Oct,12,2021,53,98,55,528,54,58,55,12 Oct 2021
125.50077700000034,9H 41M 34S,NA,NA,NA,NA,NA,NA,NA,NA,NA,NA,NA,NA,34894,Tue,Oct,12,2021,53,95,55,528,54,55,56,12 Oct 2021
126.04871800000036,9H 41M 35S,NA,NA,NA,NA,NA,NA,NA,NA,NA,NA,NA,NA,34895,Tue,Oct,12,2021,52,93,55,529,55,56,53,12 Oct 2021
127.34298600000042,9H 41M 37S,NA,NA,NA,NA,NA,NA,NA,NA,NA,NA,NA,NA,34897,Tue,Oct,12,2021,53,97,55,529,52,55,51,12 Oct 2021
127.93292000000032,9H 41M 38S,NA,NA,NA,NA,NA,NA,NA,NA,NA,NA,NA,NA,34898,Tue,Oct,12,2021,57,95,55,529,52,56,54,12 Oct 2021
128.45031500000033,9H 41M 39S,NA,NA,NA,NA,NA,NA,NA,NA,NA,NA,NA,NA,34899,Tue,Oct,12,2021,51,95,55,529,51,55,59,12 Oct 2021
129.0215830000004,9H 41M 40S,NA,NA,NA,NA,NA,NA,NA,NA,NA,NA,NA,NA,34900,Tue,Oct,12,2021,5,NA,NA,NA,51,56,54,12 Oct 2021
129.61592800000037,9H 41M 41S,NA,NA,NA,NA,NA,NA,NA,NA,NA,NA,NA,NA,34901,Tue,Oct,12,2021,51,93,54,529,54,56,55,12 Oct 2021
130.81481800000043,9H 41M 43S,NA,NA,NA,NA,NA,NA,NA,NA,NA,NA,NA,NA,34903,Tue,Oct,12,2021,47,95,54,529,50,55,53,12 Oct 2021
131.43426400000038,9H 41M 44S,NA,NA,NA,NA,NA,NA,NA,NA,NA,NA,NA,NA,34904,Tue,Oct,12,2021,48,90,55,529,50,54,52,12 Oct 2021
132.5261210000004,9H 41M 46S,NA,NA,NA,NA,NA,NA,NA,NA,NA,NA,NA,NA,34906,Tue,Oct,12,2021,45,88,55,529,50,50,54,12 Oct 2021
133.16932200000045,9H 41M 47S,NA,NA,NA,NA,NA,NA,NA,NA,NA,NA,NA,NA,34907,Tue,Oct,12,2021,48,96,55,529,50,54,56,12 Oct 2021
133.85132200000044,9H 41M 48S,NA,NA,NA,NA,NA,NA,NA,NA,NA,NA,NA,NA,34908,Tue,Oct,12,2021,47,90,56,529,50,49,54,12 Oct 2021
134.44631500000034,9H 41M 49S,NA,NA,NA,NA,NA,NA,NA,NA,NA,NA,NA,NA,34909,Tue,Oct,12,2021,47,90,56,529,53,50,52,12 Oct 2021
134.9404750000003,9H 41M 50S,NA,NA,NA,NA,NA,NA,NA,NA,NA,NA,NA,NA,34910,Tue,Oct,12,2021,48,93,55,529,52,49,51,12 Oct 2021
135.48060000000038,9H 41M 51S,NA,NA,NA,NA,NA,NA,NA,NA,NA,NA,NA,NA,34911,Tue,Oct,12,2021,49,90,56,529,51,50,50,12 Oct 2021
136.1149860000004,9H 41M 52S,NA,NA,NA,NA,NA,NA,NA,NA,NA,NA,NA,NA,34912,Tue,Oct,12,2021,50,94,NA,NA,51,53,50,12 Oct 2021
136.7752550000004,9H 41M 53S,NA,NA,NA,NA,NA,NA,NA,NA,NA,NA,NA,NA,34913,Tue,Oct,12,2021,50,89,54,529,52,55,56,12 Oct 2021
137.91996200000034,9H 41M 55S,NA,NA,NA,NA,NA,NA,NA,NA,NA,NA,NA,NA,34915,Tue,Oct,12,2021,50,90,54,529,49,51,56,12 Oct 2021
138.47270100000037,9H 41M 56S,NA,NA,NA,NA,NA,NA,NA,NA,NA,NA,NA,NA,34916,Tue,Oct,12,2021,48,93,54,529,50,53,57,12 Oct 2021
139.08287700000042,9H 41M 57S,NA,NA,NA,NA,NA,NA,NA,NA,NA,NA,NA,NA,34917,Tue,Oct,12,2021,47,92,55,529,52,50,54,12 Oct 2021
140.25119700000036,9H 41M 59S,NA,NA,NA,NA,NA,NA,NA,NA,NA,NA,NA,NA,34919,Tue,Oct,12,2021,47,88,55,529,50,49,50,12 Oct 2021
140.8363310000004,9H 42M 0S,NA,NA,NA,NA,NA,NA,NA,NA,NA,NA,NA,NA,34920,Tue,Oct,12,2021,48,97,54,529,50,50,51,12 Oct 2021
141.42336500000036,9H 42M 1S,NA,NA,NA,NA,NA,NA,NA,NA,NA,NA,NA,NA,34921,Tue,Oct,12,2021,48,92,55,529,50,53,53,12 Oct 2021
142.0175410000004,9H 42M 2S,NA,NA,NA,NA,NA,NA,NA,NA,NA,NA,NA,NA,34922,Tue,Oct,12,2021,48,89,55,529,50,52,54,12 Oct 2021
143.21322200000037,9H 42M 4S,NA,NA,NA,NA,NA,NA,NA,NA,NA,NA,NA,NA,34924,Tue,Oct,12,2021,47,88,54,529,48,50,55,12 Oct 2021
143.8296080000004,9H 42M 5S,NA,NA,NA,NA,NA,NA,NA,NA,NA,NA,NA,NA,34925,Tue,Oct,12,2021,47,91,54,529,48,47,52,12 Oct 2021
144.43228100000036,9H 42M 6S,NA,NA,NA,NA,NA,NA,NA,NA,NA,NA,NA,NA,34926,Tue,Oct,12,2021,47,86,55,529,48,48,56,12 Oct 2021
144.97452500000034,9H 42M 7S,NA,NA,NA,NA,NA,NA,NA,NA,NA,NA,NA,NA,34927,Tue,Oct,12,2021,48,90,55,529,50,51,56,12 Oct 2021
145.54693600000041,9H 42M 8S,NA,NA,NA,NA,NA,NA,NA,NA,NA,NA,NA,NA,34928,Tue,Oct,12,2021,48,89,54,529,50,50,55,12 Oct 2021
146.15303700000038,9H 42M 9S,NA,NA,NA,NA,NA,NA,NA,NA,NA,NA,NA,NA,34929,Tue,Oct,12,2021,48,88,55,529,49,50,55,12 Oct 2021
146.69689500000032,9H 42M 10S,NA,NA,NA,NA,NA,NA,NA,NA,NA,NA,NA,NA,34930,Tue,Oct,12,2021,49,91,54,529,50,50,53,12 Oct 2021
147.2648350000004,9H 42M 11S,NA,NA,NA,NA,NA,NA,NA,NA,NA,NA,NA,NA,34931,Tue,Oct,12,2021,49,90,55,529,50,50,58,12 Oct 2021
148.57788600000035,9H 42M 13S,NA,NA,NA,NA,NA,NA,NA,NA,NA,NA,NA,NA,34933,Tue,Oct,12,2021,48,92,54,529,50,47,55,12 Oct 2021
149.57722200000038,9H 42M 15S,NA,NA,NA,NA,NA,NA,NA,NA,NA,NA,NA,NA,34935,Tue,Oct,12,2021,46,90,55,529,50,50,56,12 Oct 2021
150.2634220000005,9H 42M 16S,NA,NA,NA,NA,NA,NA,NA,NA,NA,NA,NA,NA,34936,Tue,Oct,12,2021,45,88,55,529,48,50,53,12 Oct 2021
150.93965900000038,9H 42M 17S,NA,NA,NA,NA,NA,NA,NA,NA,NA,NA,NA,NA,34937,Tue,Oct,12,2021,46,88,55,529,50,51,56,12 Oct 2021
151.4686430000003,9H 42M 18S,NA,NA,NA,NA,NA,NA,NA,NA,NA,NA,NA,NA,34938,Tue,Oct,12,2021,700,460,529,NA,48,50,56,12 Oct 2021
152.00322200000036,9H 42M 19S,NA,NA,NA,NA,NA,NA,NA,NA,NA,NA,NA,NA,34939,Tue,Oct,12,2021,45,89,55,529,49,52,55,12 Oct 2021
152.5982470000004,9H 42M 20S,NA,NA,NA,NA,NA,NA,NA,NA,NA,NA,NA,NA,34940,Tue,Oct,12,2021,45,88,55,529,49,50,55,12 Oct 2021
153.8125830000004,9H 42M 22S,NA,NA,NA,NA,NA,NA,NA,NA,NA,NA,NA,NA,34942,Tue,Oct,12,2021,47,89,54,529,50,49,52,12 Oct 2021
154.4397510000004,9H 42M 23S,NA,NA,NA,NA,NA,NA,NA,NA,NA,NA,NA,NA,34943,Tue,Oct,12,2021,45,88,54,529,47,49,55,12 Oct 2021
155.03480200000035,9H 42M 24S,NA,NA,NA,NA,NA,NA,NA,NA,NA,NA,NA,NA,34944,Tue,Oct,12,2021,45,92,54,529,50,52,55,12 Oct 2021
155.57387800000032,9H 42M 25S,NA,NA,NA,NA,NA,NA,NA,NA,NA,NA,NA,NA,34945,Tue,Oct,12,2021,45,86,54,529,48,51,53,12 Oct 2021
156.15960800000042,9H 42M 26S,NA,NA,NA,NA,NA,NA,NA,NA,NA,NA,NA,NA,34946,Tue,Oct,12,2021,48,91,54,529,49,51,54,12 Oct 2021
156.74665100000036,9H 42M 27S,NA,NA,NA,NA,NA,NA,NA,NA,NA,NA,NA,NA,34947,Tue,Oct,12,2021,47,86,54,529,48,50,57,12 Oct 2021
157.2323240000003,9H 42M 28S,NA,NA,NA,NA,NA,NA,NA,NA,NA,NA,NA,NA,34948,Tue,Oct,12,2021,46,91,54,529,50,50,56,12 Oct 2021
159.16708800000032,9H 42M 31S,NA,NA,NA,NA,NA,NA,NA,NA,NA,NA,NA,NA,34951,Tue,Oct,12,2021,46,NA,NA,NA,47,50,53,12 Oct 2021
159.6659120000003,9H 42M 32S,NA,NA,NA,NA,NA,NA,NA,NA,NA,NA,NA,NA,34952,Tue,Oct,12,2021,47,91,54,529,47,50,54,12 Oct 2021
160.16552500000034,9H 42M 33S,NA,NA,NA,NA,NA,NA,NA,NA,NA,NA,NA,NA,34953,Tue,Oct,12,2021,49,88,55,529,47,51,55,12 Oct 2021
160.70667600000036,9H 42M 34S,NA,NA,NA,NA,NA,NA,NA,NA,NA,NA,NA,NA,34954,Tue,Oct,12,2021,48,89,54,529,50,50,54,12 Oct 2021
161.32780100000045,9H 42M 35S,NA,NA,NA,NA,NA,NA,NA,NA,NA,NA,NA,NA,34955,Tue,Oct,12,2021,49,93,54,529,50,50,57,12 Oct 2021
162.01401100000044,9H 42M 36S,NA,NA,NA,NA,NA,NA,NA,NA,NA,NA,NA,NA,34956,Tue,Oct,12,2021,48,88,55,529,48,50,53,12 Oct 2021
162.62477700000034,9H 42M 37S,NA,NA,NA,NA,NA,NA,NA,NA,NA,NA,NA,NA,34957,Tue,Oct,12,2021,46,84,54,529,53,52,53,12 Oct 2021
163.10186200000027,9H 42M 38S,NA,NA,NA,NA,NA,NA,NA,NA,NA,NA,NA,NA,34958,Tue,Oct,12,2021,46,89,55,529,50,50,53,12 Oct 2021
164.23509500000046,9H 42M 40S,NA,NA,NA,NA,NA,NA,NA,NA,NA,NA,NA,NA,34960,Tue,Oct,12,2021,46,92,55,529,49,49,55,12 Oct 2021
164.89987700000043,9H 42M 41S,NA,NA,NA,NA,NA,NA,NA,NA,NA,NA,NA,NA,34961,Tue,Oct,12,2021,47,102,55,529,50,51,54,12 Oct 2021
165.46810500000032,9H 42M 42S,NA,NA,NA,NA,NA,NA,NA,NA,NA,NA,NA,NA,34962,Tue,Oct,12,2021,47,88,54,530,50,49,56,12 Oct 2021
165.97883600000034,9H 42M 43S,NA,NA,NA,NA,NA,NA,NA,NA,NA,NA,NA,NA,34963,Tue,Oct,12,2021,46,86,55,529,49,50,5,12 Oct 2021
166.60372500000045,9H 42M 44S,NA,NA,NA,NA,NA,NA,NA,NA,NA,NA,NA,NA,34964,Tue,Oct,12,2021,45,89,55,529,52,51,53,12 Oct 2021
167.26828900000038,9H 42M 45S,NA,NA,NA,NA,NA,NA,NA,NA,NA,NA,NA,NA,34965,Tue,Oct,12,2021,46,86,54,529,52,50,54,12 Oct 2021
168.3833980000004,9H 42M 47S,NA,NA,NA,NA,NA,NA,NA,NA,NA,NA,NA,NA,34967,Tue,Oct,12,2021,46,91,55,529,49,48,52,12 Oct 2021
169.53008800000032,9H 42M 49S,NA,NA,NA,NA,NA,NA,NA,NA,NA,NA,NA,NA,34969,Tue,Oct,12,2021,46,86,54,530,50,48,56,12 Oct 2021
170.10133100000039,9H 42M 50S,NA,NA,NA,NA,NA,NA,NA,NA,NA,NA,NA,NA,34970,Tue,Oct,12,2021,47,86,54,530,50,50,52,12 Oct 2021
170.68784400000035,9H 42M 51S,NA,NA,NA,NA,NA,NA,NA,NA,NA,NA,NA,NA,34971,Tue,Oct,12,2021,48,87,55,530,51,50,55,12 Oct 2021
171.28987700000042,9H 42M 52S,NA,NA,NA,NA,NA,NA,NA,NA,NA,NA,NA,NA,34972,Tue,Oct,12,2021,48,90,54,529,46,51,55,12 Oct 2021
171.9258350000004,9H 42M 53S,NA,NA,NA,NA,NA,NA,NA,NA,NA,NA,NA,NA,34973,Tue,Oct,12,2021,45,82,54,530,46,47,54,12 Oct 2021
172.48789500000032,9H 42M 54S,NA,NA,NA,NA,NA,NA,NA,NA,NA,NA,NA,NA,34974,Tue,Oct,12,2021,46,86,54,530,50,48,55,12 Oct 2021
172.95424000000028,9H 42M 55S,NA,NA,NA,NA,NA,NA,NA,NA,NA,NA,NA,NA,34975,Tue,Oct,12,2021,47,84,54,530,49,49,56,12 Oct 2021
173.4921880000004,9H 42M 56S,NA,NA,NA,NA,NA,NA,NA,NA,NA,NA,NA,NA,34976,Tue,Oct,12,2021,47,87,55,530,50,51,54,12 Oct 2021
174.8292470000004,9H 42M 58S,NA,NA,NA,NA,NA,NA,NA,NA,NA,NA,NA,NA,34978,Tue,Oct,12,2021,45,92,55,530,49,50,54,12 Oct 2021
175.38987800000032,9H 42M 59S,NA,NA,NA,NA,NA,NA,NA,NA,NA,NA,NA,NA,34979,Tue,Oct,12,2021,48,86,55,530,50,49,55,12 Oct 2021
175.91934000000035,9H 43M 0S,NA,NA,NA,NA,NA,NA,NA,NA,NA,NA,NA,NA,34980,Tue,Oct,12,2021,48,84,55,530,52,49,57,12 Oct 2021
176.46819700000037,9H 43M 1S,NA,NA,NA,NA,NA,NA,NA,NA,NA,NA,NA,NA,34981,Tue,Oct,12,2021,46,87,54,530,50,50,57,12 Oct 2021
177.71081800000042,9H 43M 3S,NA,NA,NA,NA,NA,NA,NA,NA,NA,NA,NA,NA,34983,Tue,Oct,12,2021,47,90,55,530,49,51,55,12 Oct 2021
178.31723900000037,9H 43M 4S,NA,NA,NA,NA,NA,NA,NA,NA,NA,NA,NA,NA,34984,Tue,Oct,12,2021,45,83,55,530,50,50,57,12 Oct 2021
178.81528200000028,9H 43M 5S,NA,NA,NA,NA,NA,NA,NA,NA,NA,NA,NA,NA,34985,Tue,Oct,12,2021,46,86,55,530,50,51,54,12 Oct 2021
179.91639700000047,9H 43M 7S,NA,NA,NA,NA,NA,NA,NA,NA,NA,NA,NA,NA,34987,Tue,Oct,12,2021,46,86,55,530,49,50,56,12 Oct 2021
180.64109500000043,9H 43M 8S,NA,NA,NA,NA,NA,NA,NA,NA,NA,NA,NA,NA,34988,Tue,Oct,12,2021,47,86,55,530,51,50,58,12 Oct 2021
181.6359540000003,9H 43M 10S,NA,NA,NA,NA,NA,NA,NA,NA,NA,NA,NA,NA,34990,Tue,Oct,12,2021,46,86,55,530,47,50,56,12 Oct 2021
182.1849780000004,9H 43M 11S,NA,NA,NA,NA,NA,NA,NA,NA,NA,NA,NA,NA,34991,Tue,Oct,12,2021,46,82,55,530,51,52,55,12 Oct 2021
182.78734800000038,9H 43M 12S,NA,NA,NA,NA,NA,NA,NA,NA,NA,NA,NA,NA,34992,Tue,Oct,12,2021,43,83,55,530,48,48,51,12 Oct 2021
183.3909780000004,9H 43M 13S,NA,NA,NA,NA,NA,NA,NA,NA,NA,NA,NA,NA,34993,Tue,Oct,12,2021,44,85,55,530,50,52,53,12 Oct 2021
184.02460800000043,9H 43M 14S,NA,NA,NA,NA,NA,NA,NA,NA,NA,NA,NA,NA,34994,Tue,Oct,12,2021,47,83,54,530,49,51,54,12 Oct 2021
185.0295170000003,9H 43M 16S,NA,NA,NA,NA,NA,NA,NA,NA,NA,NA,NA,NA,34996,Tue,Oct,12,2021,44,84,55,530,48,50,53,12 Oct 2021
185.5742470000004,9H 43M 17S,NA,NA,NA,NA,NA,NA,NA,NA,NA,NA,NA,NA,34997,Tue,Oct,12,2021,45,85,55,530,50,50,53,12 Oct 2021
186.8086840000004,9H 43M 19S,NA,NA,NA,NA,NA,NA,NA,NA,NA,NA,NA,NA,34999,Tue,Oct,12,2021,45,84,55,530,38,50,54,12 Oct 2021
187.4116420000004,9H 43M 20S,NA,NA,NA,NA,NA,NA,NA,NA,NA,NA,NA,NA,35000,Tue,Oct,12,2021,47,88,54,530,38,50,55,12 Oct 2021
187.99384400000037,9H 43M 21S,NA,NA,NA,NA,NA,NA,NA,NA,NA,NA,NA,NA,35001,Tue,Oct,12,2021,47,83,55,530,48,51,54,12 Oct 2021
189.02299600000032,9H 43M 23S,NA,NA,NA,NA,NA,NA,NA,NA,NA,NA,NA,NA,35003,Tue,Oct,12,2021,45,90,54,530,51,51,55,12 Oct 2021
189.5625580000004,9H 43M 24S,NA,NA,NA,NA,NA,NA,NA,NA,NA,NA,NA,NA,35004,Tue,Oct,12,2021,46,87,54,530,48,53,57,12 Oct 2021
190.90788600000036,9H 43M 26S,NA,NA,NA,NA,NA,NA,NA,NA,NA,NA,NA,NA,35006,Tue,Oct,12,2021,46,88,54,530,48,50,53,12 Oct 2021
191.33582100000018,9H 43M 27S,NA,NA,NA,NA,NA,NA,NA,NA,NA,NA,NA,NA,35007,Tue,Oct,12,2021,46,86,54,530,47,51,52,12 Oct 2021
191.77123900000035,9H 43M 28S,NA,NA,NA,NA,NA,NA,NA,NA,NA,NA,NA,NA,35008,Tue,Oct,12,2021,46,88,54,530,46,50,54,12 Oct 2021
192.42193500000047,9H 43M 29S,NA,NA,NA,NA,NA,NA,NA,NA,NA,NA,NA,NA,35009,Tue,Oct,12,2021,49,91,55,530,38,49,53,12 Oct 2021
193.02512200000032,9H 43M 30S,NA,NA,NA,NA,NA,NA,NA,NA,NA,NA,NA,NA,35010,Tue,Oct,12,2021,47,85,54,530,42,50,50,12 Oct 2021
193.54150800000036,9H 43M 31S,NA,NA,NA,NA,NA,NA,NA,NA,NA,NA,NA,NA,35011,Tue,Oct,12,2021,49,90,55,530,43,50,52,12 Oct 2021
194.17599400000046,9H 43M 32S,NA,NA,NA,NA,NA,NA,NA,NA,NA,NA,NA,NA,35012,Tue,Oct,12,2021,48,89,55,530,43,50,50,12 Oct 2021
195.8249020000004,9H 43M 35S,NA,NA,NA,NA,NA,NA,NA,NA,NA,NA,NA,NA,35015,Tue,Oct,12,2021,45,88,56,530,41,45,53,12 Oct 2021
196.43271800000034,9H 43M 36S,NA,NA,NA,NA,NA,NA,NA,NA,NA,NA,NA,NA,35016,Tue,Oct,12,2021,46,87,55,530,40,50,56,12 Oct 2021
196.95633200000032,9H 43M 37S,NA,NA,NA,NA,NA,NA,NA,NA,NA,NA,NA,NA,35017,Tue,Oct,12,2021,43,87,55,530,40,48,56,12 Oct 2021
197.55409500000044,9H 43M 38S,NA,NA,NA,NA,NA,NA,NA,NA,NA,NA,NA,NA,35018,Tue,Oct,12,2021,46,86,55,530,41,50,57,12 Oct 2021
198.22877600000044,9H 43M 39S,NA,NA,NA,NA,NA,NA,NA,NA,NA,NA,NA,NA,35019,Tue,Oct,12,2021,49,90,54,530,45,50,53,12 Oct 2021
198.74514800000026,9H 43M 40S,NA,NA,NA,NA,NA,NA,NA,NA,NA,NA,NA,NA,35020,Tue,Oct,12,2021,46,88,55,530,47,51,51,12 Oct 2021
199.18108000000032,9H 43M 41S,NA,NA,NA,NA,NA,NA,NA,NA,NA,NA,NA,NA,35021,Tue,Oct,12,2021,47,91,54,530,46,52,52,12 Oct 2021
199.79133000000047,9H 43M 42S,NA,NA,NA,NA,NA,NA,NA,NA,NA,NA,NA,NA,35022,Tue,Oct,12,2021,47,87,54,530,47,51,53,12 Oct 2021
201.1227940000003,9H 43M 44S,NA,NA,NA,NA,NA,NA,NA,NA,NA,NA,NA,NA,35024,Tue,Oct,12,2021,47,93,55,530,50,50,54,12 Oct 2021
201.6300210000003,9H 43M 45S,NA,NA,NA,NA,NA,NA,NA,NA,NA,NA,NA,NA,35025,Tue,Oct,12,2021,47,84,54,530,49,50,55,12 Oct 2021
202.15915500000037,9H 43M 46S,NA,NA,NA,NA,NA,NA,NA,NA,NA,NA,NA,NA,35026,Tue,Oct,12,2021,46,84,55,530,50,50,55,12 Oct 2021
202.72353300000037,9H 43M 47S,NA,NA,NA,NA,NA,NA,NA,NA,NA,NA,NA,NA,35027,Tue,Oct,12,2021,48,87,54,530,470,532,537,12 Oct 2021
203.29861700000035,9H 43M 48S,NA,NA,NA,NA,NA,NA,NA,NA,NA,NA,NA,NA,35028,Tue,Oct,12,2021,48,87,54,530,50,50,52,12 Oct 2021
203.89228900000037,9H 43M 49S,NA,NA,NA,NA,NA,NA,NA,NA,NA,NA,NA,NA,35029,Tue,Oct,12,2021,48,86,54,530,48,49,54,12 Oct 2021
205.05892800000035,9H 43M 51S,NA,NA,NA,NA,NA,NA,NA,NA,NA,NA,NA,NA,35031,Tue,Oct,12,2021,46,86,54,530,51,50,53,12 Oct 2021
206.20755000000034,9H 43M 53S,NA,NA,NA,NA,NA,NA,NA,NA,NA,NA,NA,NA,35033,Tue,Oct,12,2021,46,85,54,530,48,48,53,12 Oct 2021
206.75494500000033,9H 43M 54S,NA,NA,NA,NA,NA,NA,NA,NA,NA,NA,NA,NA,35034,Tue,Oct,12,2021,47,87,54,530,53,49,55,12 Oct 2021
207.29994500000035,9H 43M 55S,NA,NA,NA,NA,NA,NA,NA,NA,NA,NA,NA,NA,35035,Tue,Oct,12,2021,48,90,54,530,50,49,52,12 Oct 2021
207.8652640000004,9H 43M 56S,NA,NA,NA,NA,NA,NA,NA,NA,NA,NA,NA,NA,35036,Tue,Oct,12,2021,46,88,56,530,51,51,52,12 Oct 2021
208.4638520000004,9H 43M 57S,NA,NA,NA,NA,NA,NA,NA,NA,NA,NA,NA,NA,35037,Tue,Oct,12,2021,46,88,54,530,52,50,53,12 Oct 2021
209.05918000000037,9H 43M 58S,NA,NA,NA,NA,NA,NA,NA,NA,NA,NA,NA,NA,35038,Tue,Oct,12,2021,46,89,55,530,52,51,53,12 Oct 2021
209.64282700000038,9H 43M 59S,NA,NA,NA,NA,NA,NA,NA,NA,NA,NA,NA,NA,35039,Tue,Oct,12,2021,46,85,55,530,48,48,56,12 Oct 2021
211.35028100000036,9H 44M 2S,NA,NA,NA,NA,NA,NA,NA,NA,NA,NA,NA,NA,35042,Tue,Oct,12,2021,48,86,54,530,50,52,53,12 Oct 2021
211.9467090000004,9H 44M 3S,NA,NA,NA,NA,NA,NA,NA,NA,NA,NA,NA,NA,35043,Tue,Oct,12,2021,47,88,55,530,49,51,52,12 Oct 2021
212.5725830000004,9H 44M 4S,NA,NA,NA,NA,NA,NA,NA,NA,NA,NA,NA,NA,35044,Tue,Oct,12,2021,48,87,55,530,52,51,52,12 Oct 2021
213.14973500000036,9H 44M 5S,NA,NA,NA,NA,NA,NA,NA,NA,NA,NA,NA,NA,35045,Tue,Oct,12,2021,47,86,55,530,50,50,54,12 Oct 2021
214.24898600000043,9H 44M 7S,NA,NA,NA,NA,NA,NA,NA,NA,NA,NA,NA,NA,35047,Tue,Oct,12,2021,44,86,55,530,45,49,52,12 Oct 2021
214.91550700000045,9H 44M 8S,NA,NA,NA,NA,NA,NA,NA,NA,NA,NA,NA,NA,35048,Tue,Oct,12,2021,47,86,55,530,49,49,52,12 Oct 2021
215.49550000000033,9H 44M 9S,NA,NA,NA,NA,NA,NA,NA,NA,NA,NA,NA,NA,35049,Tue,Oct,12,2021,47,86,54,530,49,51,54,12 Oct 2021
216.62936400000044,9H 44M 11S,NA,NA,NA,NA,NA,NA,NA,NA,NA,NA,NA,NA,35051,Tue,Oct,12,2021,46,85,54,530,49,52,55,12 Oct 2021
217.26022200000037,9H 44M 12S,NA,NA,NA,NA,NA,NA,NA,NA,NA,NA,NA,NA,35052,Tue,Oct,12,2021,46,88,54,530,50,53,55,12 Oct 2021
217.7859540000003,9H 44M 13S,NA,NA,NA,NA,NA,NA,NA,NA,NA,NA,NA,NA,35053,Tue,Oct,12,2021,46,98,NA,NA,50,52,54,12 Oct 2021
218.34175100000041,9H 44M 14S,NA,NA,NA,NA,NA,NA,NA,NA,NA,NA,NA,NA,35054,Tue,Oct,12,2021,42,85,54,531,48,48,51,12 Oct 2021
218.9555580000004,9H 44M 15S,NA,NA,NA,NA,NA,NA,NA,NA,NA,NA,NA,NA,35055,Tue,Oct,12,2021,45,86,55,530,50,51,56,12 Oct 2021
219.4879120000003,9H 44M 16S,NA,NA,NA,NA,NA,NA,NA,NA,NA,NA,NA,NA,35056,Tue,Oct,12,2021,42,85,55,530,45,46,49,12 Oct 2021
220.0271210000004,9H 44M 17S,NA,NA,NA,NA,NA,NA,NA,NA,NA,NA,NA,NA,35057,Tue,Oct,12,2021,47,87,55,531,52,51,55,12 Oct 2021
220.67970000000045,9H 44M 18S,NA,NA,NA,NA,NA,NA,NA,NA,NA,NA,NA,NA,35058,Tue,Oct,12,2021,45,86,55,531,47,50,53,12 Oct 2021
221.88154200000034,9H 44M 20S,NA,NA,NA,NA,NA,NA,NA,NA,NA,NA,NA,NA,35060,Tue,Oct,12,2021,43,87,55,531,45,50,53,12 Oct 2021
222.39031500000033,9H 44M 21S,NA,NA,NA,NA,NA,NA,NA,NA,NA,NA,NA,NA,35061,Tue,Oct,12,2021,43,86,55,531,50,50,54,12 Oct 2021
223.51208700000043,9H 44M 23S,NA,NA,NA,NA,NA,NA,NA,NA,NA,NA,NA,NA,35063,Tue,Oct,12,2021,46,85,54,530,50,50,55,12 Oct 2021
224.17054900000045,9H 44M 24S,NA,NA,NA,NA,NA,NA,NA,NA,NA,NA,NA,NA,35064,Tue,Oct,12,2021,46,86,55,530,50,50,53,12 Oct 2021
224.75775200000032,9H 44M 25S,NA,NA,NA,NA,NA,NA,NA,NA,NA,NA,NA,NA,35065,Tue,Oct,12,2021,44,88,54,531,46,50,54,12 Oct 2021
225.24109700000028,9H 44M 26S,NA,NA,NA,NA,NA,NA,NA,NA,NA,NA,NA,NA,35066,Tue,Oct,12,2021,46,88,54,531,49,51,52,12 Oct 2021
225.7809360000004,9H 44M 27S,NA,NA,NA,NA,NA,NA,NA,NA,NA,NA,NA,NA,35067,Tue,Oct,12,2021,47,87,54,531,49,51,56,12 Oct 2021
227.0339530000004,9H 44M 29S,NA,NA,NA,NA,NA,NA,NA,NA,NA,NA,NA,NA,35069,Tue,Oct,12,2021,45,82,55,531,47,47,53,12 Oct 2021
227.5727690000003,9H 44M 30S,NA,NA,NA,NA,NA,NA,NA,NA,NA,NA,NA,NA,35070,Tue,Oct,12,2021,47,89,54,531,48,50,55,12 Oct 2021
228.09250800000035,9H 44M 31S,NA,NA,NA,NA,NA,NA,NA,NA,NA,NA,NA,NA,35071,Tue,Oct,12,2021,46,86,54,531,49,51,58,12 Oct 2021
228.71657400000043,9H 44M 32S,NA,NA,NA,NA,NA,NA,NA,NA,NA,NA,NA,NA,35072,Tue,Oct,12,2021,46,89,54,531,48,52,56,12 Oct 2021
229.3657680000004,9H 44M 33S,NA,NA,NA,NA,NA,NA,NA,NA,NA,NA,NA,NA,35073,Tue,Oct,12,2021,45,89,54,531,46,51,56,12 Oct 2021
229.9117690000003,9H 44M 34S,NA,NA,NA,NA,NA,NA,NA,NA,NA,NA,NA,NA,35074,Tue,Oct,12,2021,47,89,54,531,47,50,57,12 Oct 2021
230.45547400000038,9H 44M 35S,NA,NA,NA,NA,NA,NA,NA,NA,NA,NA,NA,NA,35075,Tue,Oct,12,2021,46,87,54,531,47,51,57,12 Oct 2021
231.63586900000038,9H 44M 37S,NA,NA,NA,NA,NA,NA,NA,NA,NA,NA,NA,NA,35077,Tue,Oct,12,2021,45,89,54,531,49,54,57,12 Oct 2021
232.87275100000042,9H 44M 39S,NA,NA,NA,NA,NA,NA,NA,NA,NA,NA,NA,NA,35079,Tue,Oct,12,2021,46,89,54,531,470,532,538,12 Oct 2021
233.47040700000036,9H 44M 40S,NA,NA,NA,NA,NA,NA,NA,NA,NA,NA,NA,NA,35080,Tue,Oct,12,2021,45,91,55,531,49,50,56,12 Oct 2021
233.9962480000003,9H 44M 41S,NA,NA,NA,NA,NA,NA,NA,NA,NA,NA,NA,NA,35081,Tue,Oct,12,2021,49,87,55,531,50,54,55,12 Oct 2021
234.50404600000033,9H 44M 42S,NA,NA,NA,NA,NA,NA,NA,NA,NA,NA,NA,NA,35082,Tue,Oct,12,2021,48,87,54,531,50,51,55,12 Oct 2021
235.10038100000043,9H 44M 43S,NA,NA,NA,NA,NA,NA,NA,NA,NA,NA,NA,NA,35083,Tue,Oct,12,2021,44,89,55,531,49,49,57,12 Oct 2021
235.72074300000037,9H 44M 44S,NA,NA,NA,NA,NA,NA,NA,NA,NA,NA,NA,NA,35084,Tue,Oct,12,2021,49,90,54,531,48,50,55,12 Oct 2021
236.2401810000003,9H 44M 45S,NA,NA,NA,NA,NA,NA,NA,NA,NA,NA,NA,NA,35085,Tue,Oct,12,2021,49,89,54,531,50,52,55,12 Oct 2021
237.52243900000047,9H 44M 47S,NA,NA,NA,NA,NA,NA,NA,NA,NA,NA,NA,NA,35087,Tue,Oct,12,2021,43,87,54,531,49,49,58,12 Oct 2021
238.17463400000034,9H 44M 48S,NA,NA,NA,NA,NA,NA,NA,NA,NA,NA,NA,NA,35088,Tue,Oct,12,2021,47,91,55,531,51,51,54,12 Oct 2021
238.66663500000027,9H 44M 49S,NA,NA,NA,NA,NA,NA,NA,NA,NA,NA,NA,NA,35089,Tue,Oct,12,2021,47,90,54,531,50,49,54,12 Oct 2021
239.16936500000037,9H 44M 50S,NA,NA,NA,NA,NA,NA,NA,NA,NA,NA,NA,NA,35090,Tue,Oct,12,2021,47,87,54,531,49,50,56,12 Oct 2021
239.78229700000043,9H 44M 51S,NA,NA,NA,NA,NA,NA,NA,NA,NA,NA,NA,NA,35091,Tue,Oct,12,2021,46,NA,NA,NA,51,50,55,12 Oct 2021
240.39553300000037,9H 44M 52S,NA,NA,NA,NA,NA,NA,NA,NA,NA,NA,NA,NA,35092,Tue,Oct,12,2021,46,87,54,531,51,50,56,12 Oct 2021
240.96488600000035,9H 44M 53S,NA,NA,NA,NA,NA,NA,NA,NA,NA,NA,NA,NA,35093,Tue,Oct,12,2021,47,86,54,531,53,49,54,12 Oct 2021
242.71383700000027,9H 44M 56S,NA,NA,NA,NA,NA,NA,NA,NA,NA,NA,NA,NA,35096,Tue,Oct,12,2021,48,86,54,531,50,49,57,12 Oct 2021
243.21347400000036,9H 44M 57S,NA,NA,NA,NA,NA,NA,NA,NA,NA,NA,NA,NA,35097,Tue,Oct,12,2021,48,85,54,531,50,50,54,12 Oct 2021
243.87624600000046,9H 44M 58S,NA,NA,NA,NA,NA,NA,NA,NA,NA,NA,NA,NA,35098,Tue,Oct,12,2021,45,87,54,531,45,47,57,12 Oct 2021
244.49075200000033,9H 44M 59S,NA,NA,NA,NA,NA,NA,NA,NA,NA,NA,NA,NA,35099,Tue,Oct,12,2021,48,90,55,531,53,49,54,12 Oct 2021
244.9965000000003,9H 45M 0S,NA,NA,NA,NA,NA,NA,NA,NA,NA,NA,NA,NA,35100,Tue,Oct,12,2021,47,89,54,531,50,50,53,12 Oct 2021
245.5616250000004,9H 45M 1S,NA,NA,NA,NA,NA,NA,NA,NA,NA,NA,NA,NA,35101,Tue,Oct,12,2021,47,87,54,531,52,50,56,12 Oct 2021
246.17620500000038,9H 45M 2S,NA,NA,NA,NA,NA,NA,NA,NA,NA,NA,NA,NA,35102,Tue,Oct,12,2021,47,86,54,531,48,48,56,12 Oct 2021
246.75828100000035,9H 45M 3S,NA,NA,NA,NA,NA,NA,NA,NA,NA,NA,NA,NA,35103,Tue,Oct,12,2021,48,85,5,NA,54,52,54,12 Oct 2021
247.8057270000003,9H 45M 5S,NA,NA,NA,NA,NA,NA,NA,NA,NA,NA,NA,NA,35105,Tue,Oct,12,2021,48,84,55,531,49,50,57,12 Oct 2021
248.3682720000004,9H 45M 6S,NA,NA,NA,NA,NA,NA,NA,NA,NA,NA,NA,NA,35106,Tue,Oct,12,2021,48,86,55,531,53,51,53,12 Oct 2021
249.06904400000047,9H 45M 7S,NA,NA,NA,NA,NA,NA,NA,NA,NA,NA,NA,NA,35107,Tue,Oct,12,2021,47,88,55,531,50,50,55,12 Oct 2021
249.72780200000037,9H 45M 8S,NA,NA,NA,NA,NA,NA,NA,NA,NA,NA,NA,NA,35108,Tue,Oct,12,2021,47,86,55,531,51,52,56,12 Oct 2021
250.2423910000003,9H 45M 9S,NA,NA,NA,NA,NA,NA,NA,NA,NA,NA,NA,NA,35109,Tue,Oct,12,2021,46,87,55,531,48,50,56,12 Oct 2021
251.24722200000036,9H 45M 11S,NA,NA,NA,NA,NA,NA,NA,NA,NA,NA,NA,NA,35111,Tue,Oct,12,2021,44,86,55,531,50,52,55,12 Oct 2021
251.88601100000045,9H 45M 12S,NA,NA,NA,NA,NA,NA,NA,NA,NA,NA,NA,NA,35112,Tue,Oct,12,2021,42,87,54,531,51,51,54,12 Oct 2021
253.12951600000036,9H 45M 14S,NA,NA,NA,NA,NA,NA,NA,NA,NA,NA,NA,NA,35114,Tue,Oct,12,2021,46,92,55,531,48,50,54,12 Oct 2021
253.70780200000036,9H 45M 15S,NA,NA,NA,NA,NA,NA,NA,NA,NA,NA,NA,NA,35115,Tue,Oct,12,2021,44,97,55,531,51,51,54,12 Oct 2021
254.28543200000038,9H 45M 16S,NA,NA,NA,NA,NA,NA,NA,NA,NA,NA,NA,NA,35116,Tue,Oct,12,2021,45,86,55,531,46,44,51,12 Oct 2021
254.82845800000032,9H 45M 17S,NA,NA,NA,NA,NA,NA,NA,NA,NA,NA,NA,NA,35117,Tue,Oct,12,2021,43,85,55,531,47,48,52,12 Oct 2021
255.30457600000028,9H 45M 18S,NA,NA,NA,NA,NA,NA,NA,NA,NA,NA,NA,NA,35118,Tue,Oct,12,2021,46,92,55,531,48,52,57,12 Oct 2021
255.8585240000004,9H 45M 19S,NA,NA,NA,NA,NA,NA,NA,NA,NA,NA,NA,NA,35119,Tue,Oct,12,2021,45,92,55,531,50,52,56,12 Oct 2021
256.5191960000004,9H 45M 20S,NA,NA,NA,NA,NA,NA,NA,NA,NA,NA,NA,NA,35120,Tue,Oct,12,2021,46,87,55,531,46,50,56,12 Oct 2021
257.14205400000037,9H 45M 21S,NA,NA,NA,NA,NA,NA,NA,NA,NA,NA,NA,NA,35121,Tue,Oct,12,2021,42,88,55,531,49,50,52,12 Oct 2021
257.7275160000004,9H 45M 22S,NA,NA,NA,NA,NA,NA,NA,NA,NA,NA,NA,NA,35122,Tue,Oct,12,2021,44,87,56,531,50,51,54,12 Oct 2021
258.7496440000002,9H 45M 24S,NA,NA,NA,NA,NA,NA,NA,NA,NA,NA,NA,NA,35124,Tue,Oct,12,2021,46,87,55,531,50,52,56,12 Oct 2021
259.19596200000035,9H 45M 25S,NA,NA,NA,NA,NA,NA,NA,NA,NA,NA,NA,NA,35125,Tue,Oct,12,2021,45,89,54,531,48,51,54,12 Oct 2021
260.57928000000044,9H 45M 27S,NA,NA,NA,NA,NA,NA,NA,NA,NA,NA,NA,NA,35127,Tue,Oct,12,2021,45,93,54,531,46,51,54,12 Oct 2021
261.1540380000003,9H 45M 28S,NA,NA,NA,NA,NA,NA,NA,NA,NA,NA,NA,NA,35128,Tue,Oct,12,2021,42,88,54,531,42,52,54,12 Oct 2021
261.60234100000025,9H 45M 29S,NA,NA,NA,NA,NA,NA,NA,NA,NA,NA,NA,NA,35129,Tue,Oct,12,2021,87,55,NA,NA,43,50,54,12 Oct 2021
262.09107100000034,9H 45M 30S,NA,NA,NA,NA,NA,NA,NA,NA,NA,NA,NA,NA,35130,Tue,Oct,12,2021,48,87,55,531,49,51,53,12 Oct 2021
262.75460700000053,9H 45M 31S,NA,NA,NA,NA,NA,NA,NA,NA,NA,NA,NA,NA,35131,Tue,Oct,12,2021,46,88,54,531,48,53,53,12 Oct 2021
264.0179790000003,9H 45M 33S,NA,NA,NA,NA,NA,NA,NA,NA,NA,NA,NA,NA,35133,Tue,Oct,12,2021,48,96,54,531,41,53,56,12 Oct 2021
264.5638690000004,9H 45M 34S,NA,NA,NA,NA,NA,NA,NA,NA,NA,NA,NA,NA,35134,Tue,Oct,12,2021,48,87,55,531,45,51,53,12 Oct 2021
265.1742300000004,9H 45M 35S,NA,NA,NA,NA,NA,NA,NA,NA,NA,NA,NA,NA,35135,Tue,Oct,12,2021,48,88,54,531,50,51,51,12 Oct 2021
265.7156600000003,9H 45M 36S,NA,NA,NA,NA,NA,NA,NA,NA,NA,NA,NA,NA,35136,Tue,Oct,12,2021,49,88,54,531,46,53,51,12 Oct 2021
266.2168190000003,9H 45M 37S,NA,NA,NA,NA,NA,NA,NA,NA,NA,NA,NA,NA,35137,Tue,Oct,12,2021,46,87,54,531,47,51,51,12 Oct 2021
266.8652290000005,9H 45M 38S,NA,NA,NA,NA,NA,NA,NA,NA,NA,NA,NA,NA,35138,Tue,Oct,12,2021,49,90,54,531,42,52,55,12 Oct 2021
267.59495200000043,9H 45M 39S,NA,NA,NA,NA,NA,NA,NA,NA,NA,NA,NA,NA,35139,Tue,Oct,12,2021,48,88,54,531,48,51,53,12 Oct 2021
268.65823100000034,9H 45M 41S,NA,NA,NA,NA,NA,NA,NA,NA,NA,NA,NA,NA,35141,Tue,Oct,12,2021,49,88,54,531,47,51,58,12 Oct 2021
269.8795240000004,9H 45M 43S,NA,NA,NA,NA,NA,NA,NA,NA,NA,NA,NA,NA,35143,Tue,Oct,12,2021,48,90,54,531,47,52,55,12 Oct 2021
270.4948690000004,9H 45M 44S,NA,NA,NA,NA,NA,NA,NA,NA,NA,NA,NA,NA,35144,Tue,Oct,12,2021,50,92,54,531,50,53,56,12 Oct 2021
271.01509700000025,9H 45M 45S,NA,NA,NA,NA,NA,NA,NA,NA,NA,NA,NA,NA,35145,Tue,Oct,12,2021,48,89,54,531,50,53,52,12 Oct 2021
271.46011400000026,9H 45M 46S,NA,NA,NA,NA,NA,NA,NA,NA,NA,NA,NA,NA,35146,Tue,Oct,12,2021,46,92,54,531,49,51,59,12 Oct 2021
272.05979200000047,9H 45M 47S,NA,NA,NA,NA,NA,NA,NA,NA,NA,NA,NA,NA,35147,Tue,Oct,12,2021,47,84,54,531,59,53,57,12 Oct 2021
272.8394050000005,9H 45M 48S,NA,NA,NA,NA,NA,NA,NA,NA,NA,NA,NA,NA,35148,Tue,Oct,12,2021,45,87,54,531,56,50,57,12 Oct 2021
273.4412150000003,9H 45M 49S,NA,NA,NA,NA,NA,NA,NA,NA,NA,NA,NA,NA,35149,Tue,Oct,12,2021,46,89,55,531,60,49,57,12 Oct 2021
274.48400300000037,9H 45M 51S,NA,NA,NA,NA,NA,NA,NA,NA,NA,NA,NA,NA,35151,Tue,Oct,12,2021,47,89,55,531,58,50,55,12 Oct 2021
275.0446850000003,9H 45M 52S,NA,NA,NA,NA,NA,NA,NA,NA,NA,NA,NA,NA,35152,Tue,Oct,12,2021,47,86,54,531,53,49,54,12 Oct 2021
275.5453150000003,9H 45M 53S,NA,NA,NA,NA,NA,NA,NA,NA,NA,NA,NA,NA,35153,Tue,Oct,12,2021,44,86,54,531,51,49,56,12 Oct 2021
276.1869180000005,9H 45M 54S,NA,NA,NA,NA,NA,NA,NA,NA,NA,NA,NA,NA,35154,Tue,Oct,12,2021,46,85,54,531,59,47,56,12 Oct 2021
276.8698940000004,9H 45M 55S,NA,NA,NA,NA,NA,NA,NA,NA,NA,NA,NA,NA,35155,Tue,Oct,12,2021,45,84,54,531,61,49,55,12 Oct 2021
277.38698800000026,9H 45M 56S,NA,NA,NA,NA,NA,NA,NA,NA,NA,NA,NA,NA,35156,Tue,Oct,12,2021,47,82,54,531,61,50,55,12 Oct 2021
277.9223140000004,9H 45M 57S,NA,NA,NA,NA,NA,NA,NA,NA,NA,NA,NA,NA,35157,Tue,Oct,12,2021,48,84,54,531,61,49,52,12 Oct 2021
279.78783700000025,9H 46M 0S,NA,NA,NA,NA,NA,NA,NA,NA,NA,NA,NA,NA,35160,Tue,Oct,12,2021,47,85,54,531,53,47,54,12 Oct 2021
280.2437100000003,9H 46M 1S,NA,NA,NA,NA,NA,NA,NA,NA,NA,NA,NA,NA,35161,Tue,Oct,12,2021,49,86,54,531,51,50,51,12 Oct 2021
280.84071700000044,9H 46M 2S,NA,NA,NA,NA,NA,NA,NA,NA,NA,NA,NA,NA,35162,Tue,Oct,12,2021,48,84,54,531,51,50,56,12 Oct 2021
281.4953140000004,9H 46M 3S,NA,NA,NA,NA,NA,NA,NA,NA,NA,NA,NA,NA,35163,Tue,Oct,12,2021,49,86,54,531,50,45,52,12 Oct 2021
282.09076000000033,9H 46M 4S,NA,NA,NA,NA,NA,NA,NA,NA,NA,NA,NA,NA,35164,Tue,Oct,12,2021,47,85,55,531,47,49,53,12 Oct 2021
282.6830620000004,9H 46M 5S,NA,NA,NA,NA,NA,NA,NA,NA,NA,NA,NA,NA,35165,Tue,Oct,12,2021,46,91,56,531,50,52,53,12 Oct 2021
283.3092300000004,9H 46M 6S,NA,NA,NA,NA,NA,NA,NA,NA,NA,NA,NA,NA,35166,Tue,Oct,12,2021,48,87,55,531,58,51,50,12 Oct 2021
283.8767100000003,9H 46M 7S,NA,NA,NA,NA,NA,NA,NA,NA,NA,NA,NA,NA,35167,Tue,Oct,12,2021,700,460,531,NA,53,48,59,12 Oct 2021
284.91186000000044,9H 46M 9S,NA,NA,NA,NA,NA,NA,NA,NA,NA,NA,NA,NA,35169,Tue,Oct,12,2021,47,82,54,531,54,48,55,12 Oct 2021
285.5676920000004,9H 46M 10S,NA,NA,NA,NA,NA,NA,NA,NA,NA,NA,NA,NA,35170,Tue,Oct,12,2021,45,82,55,531,50,51,55,12 Oct 2021
286.14623100000034,9H 46M 11S,NA,NA,NA,NA,NA,NA,NA,NA,NA,NA,NA,NA,35171,Tue,Oct,12,2021,47,82,54,531,46,49,58,12 Oct 2021
286.6744240000004,9H 46M 12S,NA,NA,NA,NA,NA,NA,NA,NA,NA,NA,NA,NA,35172,Tue,Oct,12,2021,49,88,55,531,59,52,56,12 Oct 2021
287.2507260000004,9H 46M 13S,NA,NA,NA,NA,NA,NA,NA,NA,NA,NA,NA,NA,35173,Tue,Oct,12,2021,47,84,54,531,57,50,57,12 Oct 2021
288.5696840000004,9H 46M 15S,NA,NA,NA,NA,NA,NA,NA,NA,NA,NA,NA,NA,35175,Tue,Oct,12,2021,44,82,55,531,56,54,56,12 Oct 2021
289.0684420000003,9H 46M 16S,NA,NA,NA,NA,NA,NA,NA,NA,NA,NA,NA,NA,35176,Tue,Oct,12,2021,45,83,55,531,54,48,53,12 Oct 2021
290.1633300000005,9H 46M 18S,NA,NA,NA,NA,NA,NA,NA,NA,NA,NA,NA,NA,35178,Tue,Oct,12,2021,42,83,54,531,57,46,50,12 Oct 2021
290.8521710000004,9H 46M 19S,NA,NA,NA,NA,NA,NA,NA,NA,NA,NA,NA,NA,35179,Tue,Oct,12,2021,44,85,55,531,58,54,59,12 Oct 2021
291.9139700000004,9H 46M 21S,NA,NA,NA,NA,NA,NA,NA,NA,NA,NA,NA,NA,35181,Tue,Oct,12,2021,42,82,55,531,59,51,54,12 Oct 2021
292.52512900000045,9H 46M 22S,NA,NA,NA,NA,NA,NA,NA,NA,NA,NA,NA,NA,35182,Tue,Oct,12,2021,42,82,54,531,54,40,49,12 Oct 2021
293.12619700000033,9H 46M 23S,NA,NA,NA,NA,NA,NA,NA,NA,NA,NA,NA,NA,35183,Tue,Oct,12,2021,42,83,55,531,59,50,54,12 Oct 2021
293.6623570000003,9H 46M 24S,NA,NA,NA,NA,NA,NA,NA,NA,NA,NA,NA,NA,35184,Tue,Oct,12,2021,42,90,55,531,52,43,50,12 Oct 2021
294.26480100000043,9H 46M 25S,NA,NA,NA,NA,NA,NA,NA,NA,NA,NA,NA,NA,35185,Tue,Oct,12,2021,44,142,54,531,58,49,55,12 Oct 2021
295.5269880000003,9H 46M 27S,NA,NA,NA,NA,NA,NA,NA,NA,NA,NA,NA,NA,35187,Tue,Oct,12,2021,44,83,55,531,54,45,52,12 Oct 2021
295.9456100000003,9H 46M 28S,NA,NA,NA,NA,NA,NA,NA,NA,NA,NA,NA,NA,35188,Tue,Oct,12,2021,42,85,54,532,55,46,53,12 Oct 2021
296.48950700000046,9H 46M 29S,NA,NA,NA,NA,NA,NA,NA,NA,NA,NA,NA,NA,35189,Tue,Oct,12,2021,43,83,55,531,52,47,53,12 Oct 2021
297.7155590000003,9H 46M 31S,NA,NA,NA,NA,NA,NA,NA,NA,NA,NA,NA,NA,35191,Tue,Oct,12,2021,43,85,53,531,55,48,54,12 Oct 2021
298.28625500000044,9H 46M 32S,NA,NA,NA,NA,NA,NA,NA,NA,NA,NA,NA,NA,35192,Tue,Oct,12,2021,44,87,55,531,53,47,55,12 Oct 2021
299.6273320000003,9H 46M 34S,NA,NA,NA,NA,NA,NA,NA,NA,NA,NA,NA,NA,35194,Tue,Oct,12,2021,45,83,55,532,53,50,54,12 Oct 2021
300.4799700000004,9H 46M 36S,NA,NA,NA,NA,NA,NA,NA,NA,NA,NA,NA,NA,35196,Tue,Oct,12,2021,45,85,56,532,59,44,51,12 Oct 2021
301.1823040000005,9H 46M 37S,NA,NA,NA,NA,NA,NA,NA,NA,NA,NA,NA,NA,35197,Tue,Oct,12,2021,46,87,55,531,59,46,50,12 Oct 2021
301.9057510000004,9H 46M 38S,NA,NA,NA,NA,NA,NA,NA,NA,NA,NA,NA,NA,35198,Tue,Oct,12,2021,43,86,55,532,60,48,50,12 Oct 2021
302.48621400000036,9H 46M 39S,NA,NA,NA,NA,NA,NA,NA,NA,NA,NA,NA,NA,35199,Tue,Oct,12,2021,46,86,56,531,58,48,51,12 Oct 2021
303.0181300000003,9H 46M 40S,NA,NA,NA,NA,NA,NA,NA,NA,NA,NA,NA,NA,35200,Tue,Oct,12,2021,44,83,56,531,61,47,51,12 Oct 2021
303.5085340000003,9H 46M 41S,NA,NA,NA,NA,NA,NA,NA,NA,NA,NA,NA,NA,35201,Tue,Oct,12,2021,43,83,56,532,62,45,52,12 Oct 2021
304.0297430000004,9H 46M 42S,NA,NA,NA,NA,NA,NA,NA,NA,NA,NA,NA,NA,35202,Tue,Oct,12,2021,44,82,56,532,60,47,50,12 Oct 2021
304.69089300000047,9H 46M 43S,NA,NA,NA,NA,NA,NA,NA,NA,NA,NA,NA,NA,35203,Tue,Oct,12,2021,43,85,56,532,57,49,50,12 Oct 2021
305.9621980000003,9H 46M 45S,NA,NA,NA,NA,NA,NA,NA,NA,NA,NA,NA,NA,35205,Tue,Oct,12,2021,43,84,56,531,58,50,55,12 Oct 2021
306.8673060000004,9H 46M 47S,NA,NA,NA,NA,NA,NA,NA,NA,NA,NA,NA,NA,35207,Tue,Oct,12,2021,43,82,55,532,50,46,53,12 Oct 2021
307.5288510000005,9H 46M 48S,NA,NA,NA,NA,NA,NA,NA,NA,NA,NA,NA,NA,35208,Tue,Oct,12,2021,43,81,56,532,50,48,52,12 Oct 2021
308.15981900000037,9H 46M 49S,NA,NA,NA,NA,NA,NA,NA,NA,NA,NA,NA,NA,35209,Tue,Oct,12,2021,44,88,56,532,50,49,51,12 Oct 2021
308.6800630000003,9H 46M 50S,NA,NA,NA,NA,NA,NA,NA,NA,NA,NA,NA,NA,35210,Tue,Oct,12,2021,47,86,55,532,51,47,50,12 Oct 2021
309.27684300000044,9H 46M 51S,NA,NA,NA,NA,NA,NA,NA,NA,NA,NA,NA,NA,35211,Tue,Oct,12,2021,47,86,55,532,50,48,48,12 Oct 2021
309.8780460000003,9H 46M 52S,NA,NA,NA,NA,NA,NA,NA,NA,NA,NA,NA,NA,35212,Tue,Oct,12,2021,45,84,55,532,50,48,58,12 Oct 2021
311.0618010000004,9H 46M 54S,NA,NA,NA,NA,NA,NA,NA,NA,NA,NA,NA,NA,35214,Tue,Oct,12,2021,48,86,55,531,48,47,56,12 Oct 2021
311.6292230000003,9H 46M 55S,NA,NA,NA,NA,NA,NA,NA,NA,NA,NA,NA,NA,35215,Tue,Oct,12,2021,44,87,55,532,50,53,56,12 Oct 2021
312.0969120000003,9H 46M 56S,NA,NA,NA,NA,NA,NA,NA,NA,NA,NA,NA,NA,35216,Tue,Oct,12,2021,45,85,54,532,50,50,55,12 Oct 2021
312.6913470000004,9H 46M 57S,NA,NA,NA,NA,NA,NA,NA,NA,NA,NA,NA,NA,35217,Tue,Oct,12,2021,45,85,54,532,49,47,55,12 Oct 2021
313.3722970000004,9H 46M 58S,NA,NA,NA,NA,NA,NA,NA,NA,NA,NA,NA,NA,35218,Tue,Oct,12,2021,46,85,55,532,470,532,539,12 Oct 2021
313.9266600000003,9H 46M 59S,NA,NA,NA,NA,NA,NA,NA,NA,NA,NA,NA,NA,35219,Tue,Oct,12,2021,48,85,54,532,55,50,54,12 Oct 2021
314.43511300000034,9H 47M 0S,NA,NA,NA,NA,NA,NA,NA,NA,NA,NA,NA,NA,35220,Tue,Oct,12,2021,48,85,54,532,58,49,55,12 Oct 2021
316.3530560000002,9H 47M 3S,NA,NA,NA,NA,NA,NA,NA,NA,NA,NA,NA,NA,35223,Tue,Oct,12,2021,46,86,55,531,61,51,52,12 Oct 2021
316.7494920000003,9H 47M 4S,NA,NA,NA,NA,NA,NA,NA,NA,NA,NA,NA,NA,35224,Tue,Oct,12,2021,48,83,54,532,62,48,53,12 Oct 2021
317.32288500000044,9H 47M 5S,NA,NA,NA,NA,NA,NA,NA,NA,NA,NA,NA,NA,35225,Tue,Oct,12,2021,47,90,55,532,62,49,53,12 Oct 2021
317.98287700000043,9H 47M 6S,NA,NA,NA,NA,NA,NA,NA,NA,NA,NA,NA,NA,35226,Tue,Oct,12,2021,49,86,55,532,60,50,49,12 Oct 2021
318.5974740000004,9H 47M 7S,NA,NA,NA,NA,NA,NA,NA,NA,NA,NA,NA,NA,35227,Tue,Oct,12,2021,45,88,55,532,60,50,50,12 Oct 2021
319.1998100000004,9H 47M 8S,NA,NA,NA,NA,NA,NA,NA,NA,NA,NA,NA,NA,35228,Tue,Oct,12,2021,46,85,55,532,61,50,55,12 Oct 2021
319.84575900000044,9H 47M 9S,NA,NA,NA,NA,NA,NA,NA,NA,NA,NA,NA,NA,35229,Tue,Oct,12,2021,46,85,54,532,58,47,55,12 Oct 2021
320.44139900000033,9H 47M 10S,NA,NA,NA,NA,NA,NA,NA,NA,NA,NA,NA,NA,35230,Tue,Oct,12,2021,48,84,54,532,56,49,56,12 Oct 2021
322.11643100000043,9H 47M 13S,NA,NA,NA,NA,NA,NA,NA,NA,NA,NA,NA,NA,35233,Tue,Oct,12,2021,44,84,55,532,59,50,53,12 Oct 2021
322.72323100000034,9H 47M 14S,NA,NA,NA,NA,NA,NA,NA,NA,NA,NA,NA,NA,35234,Tue,Oct,12,2021,44,87,55,532,56,48,52,12 Oct 2021
323.2441300000003,9H 47M 15S,NA,NA,NA,NA,NA,NA,NA,NA,NA,NA,NA,NA,35235,Tue,Oct,12,2021,44,83,55,532,56,50,51,12 Oct 2021
323.8845820000005,9H 47M 16S,NA,NA,NA,NA,NA,NA,NA,NA,NA,NA,NA,NA,35236,Tue,Oct,12,2021,44,84,55,532,56,47,54,12 Oct 2021
324.5849020000004,9H 47M 17S,NA,NA,NA,NA,NA,NA,NA,NA,NA,NA,NA,NA,35237,Tue,Oct,12,2021,42,85,56,532,57,46,50,12 Oct 2021
325.59086200000024,9H 47M 19S,NA,NA,NA,NA,NA,NA,NA,NA,NA,NA,NA,NA,35239,Tue,Oct,12,2021,43,84,55,532,61,48,55,12 Oct 2021
326.06704600000035,9H 47M 20S,NA,NA,NA,NA,NA,NA,NA,NA,NA,NA,NA,NA,35240,Tue,Oct,12,2021,42,83,55,532,57,50,53,12 Oct 2021
327.46470000000045,9H 47M 22S,NA,NA,NA,NA,NA,NA,NA,NA,NA,NA,NA,NA,35242,Tue,Oct,12,2021,43,83,54,532,58,46,52,12 Oct 2021
328.0464330000003,9H 47M 23S,NA,NA,NA,NA,NA,NA,NA,NA,NA,NA,NA,NA,35243,Tue,Oct,12,2021,42,85,54,532,56,44,50,12 Oct 2021
329.0155160000004,9H 47M 25S,NA,NA,NA,NA,NA,NA,NA,NA,NA,NA,NA,NA,35245,Tue,Oct,12,2021,44,85,55,532,59,51,55,12 Oct 2021
329.7167580000005,9H 47M 26S,NA,NA,NA,NA,NA,NA,NA,NA,NA,NA,NA,NA,35246,Tue,Oct,12,2021,42,84,54,532,54,45,50,12 Oct 2021
330.40222200000034,9H 47M 27S,NA,NA,NA,NA,NA,NA,NA,NA,NA,NA,NA,NA,35247,Tue,Oct,12,2021,43,84,54,532,58,48,52,12 Oct 2021
330.88210600000025,9H 47M 28S,NA,NA,NA,NA,NA,NA,NA,NA,NA,NA,NA,NA,35248,Tue,Oct,12,2021,44,83,54,532,54,47,52,12 Oct 2021
331.95269100000047,9H 47M 30S,NA,NA,NA,NA,NA,NA,NA,NA,NA,NA,NA,NA,35250,Tue,Oct,12,2021,45,83,55,532,56,47,52,12 Oct 2021
332.7398420000005,9H 47M 31S,NA,NA,NA,NA,NA,NA,NA,NA,NA,NA,NA,NA,35251,Tue,Oct,12,2021,44,85,55,532,57,47,51,12 Oct 2021
333.3370890000003,9H 47M 32S,NA,NA,NA,NA,NA,NA,NA,NA,NA,NA,NA,NA,35252,Tue,Oct,12,2021,45,83,55,532,57,49,54,12 Oct 2021
333.78255900000033,9H 47M 33S,NA,NA,NA,NA,NA,NA,NA,NA,NA,NA,NA,NA,35253,Tue,Oct,12,2021,44,84,54,532,56,47,54,12 Oct 2021
334.87073500000037,9H 47M 35S,NA,NA,NA,NA,NA,NA,NA,NA,NA,NA,NA,NA,35255,Tue,Oct,12,2021,42,81,55,532,54,47,54,12 Oct 2021
335.4552300000004,9H 47M 36S,NA,NA,NA,NA,NA,NA,NA,NA,NA,NA,NA,NA,35256,Tue,Oct,12,2021,44,88,55,532,56,47,53,12 Oct 2021
336.11753200000044,9H 47M 37S,NA,NA,NA,NA,NA,NA,NA,NA,NA,NA,NA,NA,35257,Tue,Oct,12,2021,43,83,55,532,56,46,55,12 Oct 2021
336.7152310000003,9H 47M 38S,NA,NA,NA,NA,NA,NA,NA,NA,NA,NA,NA,NA,35258,Tue,Oct,12,2021,44,81,55,532,56,48,53,12 Oct 2021
337.8759940000005,9H 47M 40S,NA,NA,NA,NA,NA,NA,NA,NA,NA,NA,NA,NA,35260,Tue,Oct,12,2021,45,84,55,532,58,48,54,12 Oct 2021
338.4982980000003,9H 47M 41S,NA,NA,NA,NA,NA,NA,NA,NA,NA,NA,NA,NA,35261,Tue,Oct,12,2021,43,84,56,532,58,49,54,12 Oct 2021
338.9503330000002,9H 47M 42S,NA,NA,NA,NA,NA,NA,NA,NA,NA,NA,NA,NA,35262,Tue,Oct,12,2021,46,82,56,532,60,48,50,12 Oct 2021
339.42180200000035,9H 47M 43S,NA,NA,NA,NA,NA,NA,NA,NA,NA,NA,NA,NA,35263,Tue,Oct,12,2021,43,87,56,532,59,49,57,12 Oct 2021
340.10936300000054,9H 47M 44S,NA,NA,NA,NA,NA,NA,NA,NA,NA,NA,NA,NA,35264,Tue,Oct,12,2021,44,88,56,532,59,47,54,12 Oct 2021
340.84411200000045,9H 47M 45S,NA,NA,NA,NA,NA,NA,NA,NA,NA,NA,NA,NA,35265,Tue,Oct,12,2021,42,84,55,532,59,49,55,12 Oct 2021
341.3436610000002,9H 47M 46S,NA,NA,NA,NA,NA,NA,NA,NA,NA,NA,NA,NA,35266,Tue,Oct,12,2021,41,85,56,532,61,49,54,12 Oct 2021
341.77635700000036,9H 47M 47S,NA,NA,NA,NA,NA,NA,NA,NA,NA,NA,NA,NA,35267,Tue,Oct,12,2021,43,88,56,532,58,48,57,12 Oct 2021
343.1276500000004,9H 47M 49S,NA,NA,NA,NA,NA,NA,NA,NA,NA,NA,NA,NA,35269,Tue,Oct,12,2021,44,83,56,532,470,532,539,12 Oct 2021
344.28239900000034,9H 47M 51S,NA,NA,NA,NA,NA,NA,NA,NA,NA,NA,NA,NA,35271,Tue,Oct,12,2021,44,82,55,532,56,46,57,12 Oct 2021
344.75138300000026,9H 47M 52S,NA,NA,NA,NA,NA,NA,NA,NA,NA,NA,NA,NA,35272,Tue,Oct,12,2021,45,81,55,532,56,45,55,12 Oct 2021
345.27128900000037,9H 47M 53S,NA,NA,NA,NA,NA,NA,NA,NA,NA,NA,NA,NA,35273,Tue,Oct,12,2021,44,82,56,532,58,45,54,12 Oct 2021
345.9808420000005,9H 47M 54S,NA,NA,NA,NA,NA,NA,NA,NA,NA,NA,NA,NA,35274,Tue,Oct,12,2021,45,84,55,532,59,44,54,12 Oct 2021
346.63227300000034,9H 47M 55S,NA,NA,NA,NA,NA,NA,NA,NA,NA,NA,NA,NA,35275,Tue,Oct,12,2021,46,83,55,532,57,48,54,12 Oct 2021
347.08379500000024,9H 47M 56S,NA,NA,NA,NA,NA,NA,NA,NA,NA,NA,NA,NA,35276,Tue,Oct,12,2021,45,82,54,532,56,48,53,12 Oct 2021
348.3572970000004,9H 47M 58S,NA,NA,NA,NA,NA,NA,NA,NA,NA,NA,NA,NA,35278,Tue,Oct,12,2021,46,80,55,532,56,48,55,12 Oct 2021
348.82882100000023,9H 47M 59S,NA,NA,NA,NA,NA,NA,NA,NA,NA,NA,NA,NA,35279,Tue,Oct,12,2021,45,83,55,532,58,47,56,12 Oct 2021
349.26632300000034,9H 48M 0S,NA,NA,NA,NA,NA,NA,NA,NA,NA,NA,NA,NA,35280,Tue,Oct,12,2021,47,83,55,532,56,48,55,12 Oct 2021
349.9371700000005,9H 48M 1S,NA,NA,NA,NA,NA,NA,NA,NA,NA,NA,NA,NA,35281,Tue,Oct,12,2021,46,81,55,532,56,48,54,12 Oct 2021
350.5988020000004,9H 48M 2S,NA,NA,NA,NA,NA,NA,NA,NA,NA,NA,NA,NA,35282,Tue,Oct,12,2021,47,NA,NA,NA,55,46,55,12 Oct 2021
351.07796300000024,9H 48M 3S,NA,NA,NA,NA,NA,NA,NA,NA,NA,NA,NA,NA,35283,Tue,Oct,12,2021,47,84,55,532,48,48,54,12 Oct 2021
351.5966250000004,9H 48M 4S,NA,NA,NA,NA,NA,NA,NA,NA,NA,NA,NA,NA,35284,Tue,Oct,12,2021,45,84,54,532,55,45,53,12 Oct 2021
353.54238300000026,9H 48M 7S,NA,NA,NA,NA,NA,NA,NA,NA,NA,NA,NA,NA,35287,Tue,Oct,12,2021,48,84,53,532,59,49,56,12 Oct 2021
353.9820550000003,9H 48M 8S,NA,NA,NA,NA,NA,NA,NA,NA,NA,NA,NA,NA,35288,Tue,Oct,12,2021,47,83,54,532,57,49,56,12 Oct 2021
354.5365660000004,9H 48M 9S,NA,NA,NA,NA,NA,NA,NA,NA,NA,NA,NA,NA,35289,Tue,Oct,12,2021,48,83,54,532,60,50,54,12 Oct 2021
355.21643100000045,9H 48M 10S,NA,NA,NA,NA,NA,NA,NA,NA,NA,NA,NA,NA,35290,Tue,Oct,12,2021,48,83,54,532,61,50,54,12 Oct 2021
355.8336510000004,9H 48M 11S,NA,NA,NA,NA,NA,NA,NA,NA,NA,NA,NA,NA,35291,Tue,Oct,12,2021,48,86,54,532,59,48,57,12 Oct 2021
356.34537400000033,9H 48M 12S,NA,NA,NA,NA,NA,NA,NA,NA,NA,NA,NA,NA,35292,Tue,Oct,12,2021,48,86,54,532,64,51,53,12 Oct 2021
356.87584400000037,9H 48M 13S,NA,NA,NA,NA,NA,NA,NA,NA,NA,NA,NA,NA,35293,Tue,Oct,12,2021,48,86,54,532,61,50,56,12 Oct 2021
357.5315400000005,9H 48M 14S,NA,NA,NA,NA,NA,NA,NA,NA,NA,NA,NA,NA,35294,Tue,Oct,12,2021,49,85,55,NA,61,49,54,12 Oct 2021
358.7833500000002,9H 48M 16S,NA,NA,NA,NA,NA,NA,NA,NA,NA,NA,NA,NA,35296,Tue,Oct,12,2021,47,87,55,532,61,51,52,12 Oct 2021
359.2021220000003,9H 48M 17S,NA,NA,NA,NA,NA,NA,NA,NA,NA,NA,NA,NA,35297,Tue,Oct,12,2021,45,87,55,532,61,50,57,12 Oct 2021
359.81333000000046,9H 48M 18S,NA,NA,NA,NA,NA,NA,NA,NA,NA,NA,NA,NA,35298,Tue,Oct,12,2021,47,83,55,532,58,50,54,12 Oct 2021
360.4922720000004,9H 48M 19S,NA,NA,NA,NA,NA,NA,NA,NA,NA,NA,NA,NA,35299,Tue,Oct,12,2021,45,84,55,532,56,50,53,12 Oct 2021
361.05445800000035,9H 48M 20S,NA,NA,NA,NA,NA,NA,NA,NA,NA,NA,NA,NA,35300,Tue,Oct,12,2021,46,87,55,532,59,49,53,12 Oct 2021
361.6290450000004,9H 48M 21S,NA,NA,NA,NA,NA,NA,NA,NA,NA,NA,NA,NA,35301,Tue,Oct,12,2021,44,83,55,532,57,50,52,12 Oct 2021
362.7980130000003,9H 48M 23S,NA,NA,NA,NA,NA,NA,NA,NA,NA,NA,NA,NA,35303,Tue,Oct,12,2021,45,84,55,532,58,47,52,12 Oct 2021
364.0261360000005,9H 48M 25S,NA,NA,NA,NA,NA,NA,NA,NA,NA,NA,NA,NA,35305,Tue,Oct,12,2021,46,88,55,532,60,49,51,12 Oct 2021
364.7264740000004,9H 48M 26S,NA,NA,NA,NA,NA,NA,NA,NA,NA,NA,NA,NA,35306,Tue,Oct,12,2021,47,87,56,532,59,46,54,12 Oct 2021
365.1709470000002,9H 48M 27S,NA,NA,NA,NA,NA,NA,NA,NA,NA,NA,NA,NA,35307,Tue,Oct,12,2021,48,84,55,532,58,46,50,12 Oct 2021
365.6144490000004,9H 48M 28S,NA,NA,NA,NA,NA,NA,NA,NA,NA,NA,NA,NA,35308,Tue,Oct,12,2021,43,83,55,532,57,44,50,12 Oct 2021
366.2980690000005,9H 48M 29S,NA,NA,NA,NA,NA,NA,NA,NA,NA,NA,NA,NA,35309,Tue,Oct,12,2021,43,82,54,532,56,50,52,12 Oct 2021
366.9833900000004,9H 48M 30S,NA,NA,NA,NA,NA,NA,NA,NA,NA,NA,NA,NA,35310,Tue,Oct,12,2021,44,85,55,532,57,46,52,12 Oct 2021
367.5139960000003,9H 48M 31S,NA,NA,NA,NA,NA,NA,NA,NA,NA,NA,NA,NA,35311,Tue,Oct,12,2021,44,84,55,532,57,50,52,12 Oct 2021
368.10201100000046,9H 48M 32S,NA,NA,NA,NA,NA,NA,NA,NA,NA,NA,NA,NA,35312,Tue,Oct,12,2021,45,86,55,532,57,46,53,12 Oct 2021
369.32198800000026,9H 48M 34S,NA,NA,NA,NA,NA,NA,NA,NA,NA,NA,NA,NA,35314,Tue,Oct,12,2021,45,90,54,532,58,46,54,12 Oct 2021
369.82813800000037,9H 48M 35S,NA,NA,NA,NA,NA,NA,NA,NA,NA,NA,NA,NA,35315,Tue,Oct,12,2021,43,82,54,532,56,48,52,12 Oct 2021
370.4842880000005,9H 48M 36S,NA,NA,NA,NA,NA,NA,NA,NA,NA,NA,NA,NA,35316,Tue,Oct,12,2021,44,84,55,532,56,47,54,12 Oct 2021
371.16487700000044,9H 48M 37S,NA,NA,NA,NA,NA,NA,NA,NA,NA,NA,NA,NA,35317,Tue,Oct,12,2021,45,84,55,532,56,48,53,12 Oct 2021
372.18310600000024,9H 48M 39S,NA,NA,NA,NA,NA,NA,NA,NA,NA,NA,NA,NA,35319,Tue,Oct,12,2021,45,87,55,532,57,48,53,12 Oct 2021
373.30029700000046,9H 48M 41S,NA,NA,NA,NA,NA,NA,NA,NA,NA,NA,NA,NA,35321,Tue,Oct,12,2021,43,84,55,532,59,50,55,12 Oct 2021
374.6744820000004,9H 48M 43S,NA,NA,NA,NA,NA,NA,NA,NA,NA,NA,NA,NA,35323,Tue,Oct,12,2021,46,84,56,532,61,49,50,12 Oct 2021
375.19977800000026,9H 48M 44S,NA,NA,NA,NA,NA,NA,NA,NA,NA,NA,NA,NA,35324,Tue,Oct,12,2021,44,88,56,532,60,49,51,12 Oct 2021
375.6605000000003,9H 48M 45S,NA,NA,NA,NA,NA,NA,NA,NA,NA,NA,NA,NA,35325,Tue,Oct,12,2021,46,83,56,532,60,45,51,12 Oct 2021
376.2568850000004,9H 48M 46S,NA,NA,NA,NA,NA,NA,NA,NA,NA,NA,NA,NA,35326,Tue,Oct,12,2021,43,85,56,532,62,47,51,12 Oct 2021
376.9226080000004,9H 48M 47S,NA,NA,NA,NA,NA,NA,NA,NA,NA,NA,NA,NA,35327,Tue,Oct,12,2021,45,85,55,532,62,48,51,12 Oct 2021
377.4836010000003,9H 48M 48S,NA,NA,NA,NA,NA,NA,NA,NA,NA,NA,NA,NA,35328,Tue,Oct,12,2021,48,87,56,532,63,50,50,12 Oct 2021
378.0714060000004,9H 48M 49S,NA,NA,NA,NA,NA,NA,NA,NA,NA,NA,NA,NA,35329,Tue,Oct,12,2021,47,90,55,532,63,50,51,12 Oct 2021
378.81575800000047,9H 48M 50S,NA,NA,NA,NA,NA,NA,NA,NA,NA,NA,NA,NA,35330,Tue,Oct,12,2021,48,85,54,532,60,52,54,12 Oct 2021
379.9275770000002,9H 48M 52S,NA,NA,NA,NA,NA,NA,NA,NA,NA,NA,NA,NA,35332,Tue,Oct,12,2021,44,85,55,532,60,48,53,12 Oct 2021
380.3864910000004,9H 48M 53S,NA,NA,NA,NA,NA,NA,NA,NA,NA,NA,NA,NA,35333,Tue,Oct,12,2021,45,85,NA,NA,59,45,53,12 Oct 2021
381.84605200000055,9H 48M 55S,NA,NA,NA,NA,NA,NA,NA,NA,NA,NA,NA,NA,35335,Tue,Oct,12,2021,44,83,55,532,60,50,52,12 Oct 2021
382.5392640000004,9H 48M 56S,NA,NA,NA,NA,NA,NA,NA,NA,NA,NA,NA,NA,35336,Tue,Oct,12,2021,46,83,55,532,59,48,53,12 Oct 2021
382.99666100000024,9H 48M 57S,NA,NA,NA,NA,NA,NA,NA,NA,NA,NA,NA,NA,35337,Tue,Oct,12,2021,46,88,55,532,59,47,52,12 Oct 2021
383.3902820000003,9H 48M 58S,NA,NA,NA,NA,NA,NA,NA,NA,NA,NA,NA,NA,35338,Tue,Oct,12,2021,47,85,55,532,57,49,53,12 Oct 2021
383.9463810000004,9H 48M 59S,NA,NA,NA,NA,NA,NA,NA,NA,NA,NA,NA,NA,35339,Tue,Oct,12,2021,43,86,55,532,59,48,53,12 Oct 2021
384.6704220000005,9H 49M 0S,NA,NA,NA,NA,NA,NA,NA,NA,NA,NA,NA,NA,35340,Tue,Oct,12,2021,47,86,54,532,58,50,53,12 Oct 2021
386.05250900000027,9H 49M 2S,NA,NA,NA,NA,NA,NA,NA,NA,NA,NA,NA,NA,35342,Tue,Oct,12,2021,45,84,54,532,58,48,53,12 Oct 2021
386.47369400000025,9H 49M 3S,NA,NA,NA,NA,NA,NA,NA,NA,NA,NA,NA,NA,35343,Tue,Oct,12,2021,45,85,55,532,60,49,52,12 Oct 2021
387.0497250000005,9H 49M 4S,NA,NA,NA,NA,NA,NA,NA,NA,NA,NA,NA,NA,35344,Tue,Oct,12,2021,44,84,55,532,60,46,51,12 Oct 2021
387.7966070000005,9H 49M 5S,NA,NA,NA,NA,NA,NA,NA,NA,NA,NA,NA,NA,35345,Tue,Oct,12,2021,46,86,54,532,58,47,51,12 Oct 2021
388.43387800000033,9H 49M 6S,NA,NA,NA,NA,NA,NA,NA,NA,NA,NA,NA,NA,35346,Tue,Oct,12,2021,48,84,54,532,57,49,53,12 Oct 2021
388.9331220000003,9H 49M 7S,NA,NA,NA,NA,NA,NA,NA,NA,NA,NA,NA,NA,35347,Tue,Oct,12,2021,45,86,55,532,59,48,56,12 Oct 2021
389.4823310000004,9H 49M 8S,NA,NA,NA,NA,NA,NA,NA,NA,NA,NA,NA,NA,35348,Tue,Oct,12,2021,46,86,55,532,58,49,53,12 Oct 2021
391.37613800000037,9H 49M 11S,NA,NA,NA,NA,NA,NA,NA,NA,NA,NA,NA,NA,35351,Tue,Oct,12,2021,46,84,55,532,58,48,52,12 Oct 2021
391.98904500000043,9H 49M 12S,NA,NA,NA,NA,NA,NA,NA,NA,NA,NA,NA,NA,35352,Tue,Oct,12,2021,45,84,55,533,56,46,52,12 Oct 2021
392.65853200000043,9H 49M 13S,NA,NA,NA,NA,NA,NA,NA,NA,NA,NA,NA,NA,35353,Tue,Oct,12,2021,45,83,55,532,57,50,55,12 Oct 2021
393.3797080000005,9H 49M 14S,NA,NA,NA,NA,NA,NA,NA,NA,NA,NA,NA,NA,35354,Tue,Oct,12,2021,45,80,55,532,59,50,54,12 Oct 2021
393.94692100000026,9H 49M 15S,NA,NA,NA,NA,NA,NA,NA,NA,NA,NA,NA,NA,35355,Tue,Oct,12,2021,45,90,55,532,58,47,52,12 Oct 2021
394.3797020000003,9H 49M 16S,NA,NA,NA,NA,NA,NA,NA,NA,NA,NA,NA,NA,35356,Tue,Oct,12,2021,44,85,56,532,58,51,53,12 Oct 2021
394.9995650000005,9H 49M 17S,NA,NA,NA,NA,NA,NA,NA,NA,NA,NA,NA,NA,35357,Tue,Oct,12,2021,45,89,55,532,60,50,53,12 Oct 2021
395.7739430000005,9H 49M 18S,NA,NA,NA,NA,NA,NA,NA,NA,NA,NA,NA,NA,35358,Tue,Oct,12,2021,700,460,532,NA,60,50,54,12 Oct 2021
396.88969400000025,9H 49M 20S,NA,NA,NA,NA,NA,NA,NA,NA,NA,NA,NA,NA,35360,Tue,Oct,12,2021,46,85,55,532,58,49,54,12 Oct 2021
397.46051500000044,9H 49M 21S,NA,NA,NA,NA,NA,NA,NA,NA,NA,NA,NA,NA,35361,Tue,Oct,12,2021,47,84,54,532,60,50,54,12 Oct 2021
398.1281040000004,9H 49M 22S,NA,NA,NA,NA,NA,NA,NA,NA,NA,NA,NA,NA,35362,Tue,Oct,12,2021,45,83,54,532,57,50,55,12 Oct 2021
398.6791640000003,9H 49M 23S,NA,NA,NA,NA,NA,NA,NA,NA,NA,NA,NA,NA,35363,Tue,Oct,12,2021,45,87,55,532,58,48,55,12 Oct 2021
399.2652800000004,9H 49M 24S,NA,NA,NA,NA,NA,NA,NA,NA,NA,NA,NA,NA,35364,Tue,Oct,12,2021,46,85,55,532,58,50,52,12 Oct 2021
399.94840600000043,9H 49M 25S,NA,NA,NA,NA,NA,NA,NA,NA,NA,NA,NA,NA,35365,Tue,Oct,12,2021,47,85,55,532,57,50,52,12 Oct 2021
400.9835170000003,9H 49M 27S,NA,NA,NA,NA,NA,NA,NA,NA,NA,NA,NA,NA,35367,Tue,Oct,12,2021,43,87,55,532,59,48,55,12 Oct 2021
402.3741700000005,9H 49M 29S,NA,NA,NA,NA,NA,NA,NA,NA,NA,NA,NA,NA,35369,Tue,Oct,12,2021,43,83,55,532,57,47,55,12 Oct 2021
403.0363230000003,9H 49M 30S,NA,NA,NA,NA,NA,NA,NA,NA,NA,NA,NA,NA,35370,Tue,Oct,12,2021,44,84,55,532,58,47,55,12 Oct 2021
403.5612900000003,9H 49M 31S,NA,NA,NA,NA,NA,NA,NA,NA,NA,NA,NA,NA,35371,Tue,Oct,12,2021,4,NA,NA,NA,58,50,55,12 Oct 2021
404.09401200000036,9H 49M 32S,NA,NA,NA,NA,NA,NA,NA,NA,NA,NA,NA,NA,35372,Tue,Oct,12,2021,45,86,55,532,62,48,53,12 Oct 2021
404.6884150000004,9H 49M 33S,NA,NA,NA,NA,NA,NA,NA,NA,NA,NA,NA,NA,35373,Tue,Oct,12,2021,44,85,55,532,57,49,55,12 Oct 2021
405.008008,9H 49M 34S,NA,NA,NA,NA,NA,NA,NA,NA,NA,NA,NA,NA,35374,Tue,Oct,12,2021,47,87,54,532,59,49,54,12 Oct 2021
405.036731,9H 49M 35S,NA,NA,NA,NA,NA,NA,NA,NA,NA,NA,NA,NA,35375,Tue,Oct,12,2021,46,86,55,533,61,50,54,12 Oct 2021
404.94300999999984,9H 49M 36S,NA,NA,NA,NA,NA,NA,NA,NA,NA,NA,NA,NA,35376,Tue,Oct,12,2021,46,84,55,532,59,50,54,12 Oct 2021
404.72310000000004,9H 49M 38S,NA,NA,NA,NA,NA,NA,NA,NA,NA,NA,NA,NA,35378,Tue,Oct,12,2021,46,84,56,532,57,48,56,12 Oct 2021
404.85592300000013,9H 49M 39S,NA,NA,NA,NA,NA,NA,NA,NA,NA,NA,NA,NA,35379,Tue,Oct,12,2021,45,83,55,533,61,48,53,12 Oct 2021
404.928269,9H 49M 40S,NA,NA,NA,NA,NA,NA,NA,NA,NA,NA,NA,NA,35380,Tue,Oct,12,2021,46,88,55,532,60,50,53,12 Oct 2021
404.90111799999994,9H 49M 41S,NA,NA,NA,NA,NA,NA,NA,NA,NA,NA,NA,NA,35381,Tue,Oct,12,2021,43,84,56,532,59,48,51,12 Oct 2021
404.871622,9H 49M 42S,NA,NA,NA,NA,NA,NA,NA,NA,NA,NA,NA,NA,35382,Tue,Oct,12,2021,46,87,55,532,60,47,53,12 Oct 2021
404.7746739999999,9H 49M 45S,NA,NA,NA,NA,NA,NA,NA,NA,NA,NA,NA,NA,35385,Tue,Oct,12,2021,45,89,56,532,57,46,52,12 Oct 2021
404.8481320000002,9H 49M 47S,NA,NA,NA,NA,NA,NA,NA,NA,NA,NA,NA,NA,35387,Tue,Oct,12,2021,45,87,55,533,57,49,53,12 Oct 2021
405.005193,9H 49M 48S,NA,NA,NA,NA,NA,NA,NA,NA,NA,NA,NA,NA,35388,Tue,Oct,12,2021,46,87,55,532,58,50,54,12 Oct 2021
404.88762399999985,9H 49M 49S,NA,NA,NA,NA,NA,NA,NA,NA,NA,NA,NA,NA,35389,Tue,Oct,12,2021,45,88,56,533,61,50,51,12 Oct 2021
404.6899759999999,9H 49M 50S,NA,NA,NA,NA,NA,NA,NA,NA,NA,NA,NA,NA,35390,Tue,Oct,12,2021,48,89,55,532,63,50,54,12 Oct 2021
404.73614100000015,9H 49M 51S,NA,NA,NA,NA,NA,NA,NA,NA,NA,NA,NA,NA,35391,Tue,Oct,12,2021,48,92,55,533,63,52,52,12 Oct 2021
1.652412999999906,9H 37M 50S,NA,NA,NA,NA,NA,NA,NA,NA,NA,NA,NA,NA,34670,Tue,Oct,12,2021,NA,NA,NA,NA,51,58,55,12 Oct 2021
1.5956050000000033,9H 37M 59S,NA,NA,NA,NA,NA,NA,NA,NA,NA,NA,NA,NA,34679,Tue,Oct,12,2021,NA,NA,NA,NA,53,53,51,12 Oct 2021
8.432113000000353,9H 38M 17S,NA,NA,NA,NA,NA,NA,NA,NA,NA,NA,NA,NA,34697,Tue,Oct,12,2021,NA,NA,NA,NA,55,56,54,12 Oct 2021
13.897634000000355,9H 38M 26S,NA,NA,NA,NA,NA,NA,NA,NA,NA,NA,NA,NA,34706,Tue,Oct,12,2021,NA,NA,NA,NA,55,57,53,12 Oct 2021
19.45312200000031,9H 38M 35S,NA,NA,NA,NA,NA,NA,NA,NA,NA,NA,NA,NA,34715,Tue,Oct,12,2021,NA,NA,NA,NA,54,53,51,12 Oct 2021
24.750541000000396,9H 38M 44S,NA,NA,NA,NA,NA,NA,NA,NA,NA,NA,NA,NA,34724,Tue,Oct,12,2021,NA,NA,NA,NA,60,62,50,12 Oct 2021
30.2166250000004,9H 38M 53S,NA,NA,NA,NA,NA,NA,NA,NA,NA,NA,NA,NA,34733,Tue,Oct,12,2021,NA,NA,NA,NA,64,67,50,12 Oct 2021
35.74157600000029,9H 39M 2S,NA,NA,NA,NA,NA,NA,NA,NA,NA,NA,NA,NA,34742,Tue,Oct,12,2021,NA,NA,NA,NA,65,69,53,12 Oct 2021
35.74157600000029,9H 39M 2S,NA,NA,NA,NA,NA,NA,NA,NA,NA,NA,NA,NA,34742,Tue,Oct,12,2021,NA,NA,NA,NA,66,70,52,12 Oct 2021
46.42407100000035,9H 39M 20S,NA,NA,NA,NA,NA,NA,NA,NA,NA,NA,NA,NA,34760,Tue,Oct,12,2021,NA,NA,NA,NA,70,70,52,12 Oct 2021
51.699827000000376,9H 39M 29S,NA,NA,NA,NA,NA,NA,NA,NA,NA,NA,NA,NA,34769,Tue,Oct,12,2021,NA,NA,NA,NA,70,84,59,12 Oct 2021
57.05901900000047,9H 39M 38S,NA,NA,NA,NA,NA,NA,NA,NA,NA,NA,NA,NA,34778,Tue,Oct,12,2021,NA,NA,NA,NA,86,100,55,12 Oct 2021
62.392122000000306,9H 39M 47S,NA,NA,NA,NA,NA,NA,NA,NA,NA,NA,NA,NA,34787,Tue,Oct,12,2021,NA,NA,NA,NA,108,136,58,12 Oct 2021
67.64437400000031,9H 39M 56S,NA,NA,NA,NA,NA,NA,NA,NA,NA,NA,NA,NA,34796,Tue,Oct,12,2021,NA,NA,NA,NA,108,133,60,12 Oct 2021
72.35776000000037,9H 40M 4S,NA,NA,NA,NA,NA,NA,NA,NA,NA,NA,NA,NA,34804,Tue,Oct,12,2021,NA,NA,NA,NA,108,136,55,12 Oct 2021
78.35417200000033,9H 40M 14S,NA,NA,NA,NA,NA,NA,NA,NA,NA,NA,NA,NA,34814,Tue,Oct,12,2021,NA,NA,NA,NA,118,146,57,12 Oct 2021
83.63295300000038,9H 40M 23S,NA,NA,NA,NA,NA,NA,NA,NA,NA,NA,NA,NA,34823,Tue,Oct,12,2021,NA,NA,NA,NA,120,153,56,12 Oct 2021
88.97075200000032,9H 40M 32S,NA,NA,NA,NA,NA,NA,NA,NA,NA,NA,NA,NA,34832,Tue,Oct,12,2021,NA,NA,NA,NA,115,145,57,12 Oct 2021
94.3897260000004,9H 40M 41S,NA,NA,NA,NA,NA,NA,NA,NA,NA,NA,NA,NA,34841,Tue,Oct,12,2021,NA,NA,NA,NA,101,128,56,12 Oct 2021
99.6889610000004,9H 40M 50S,NA,NA,NA,NA,NA,NA,NA,NA,NA,NA,NA,NA,34850,Tue,Oct,12,2021,NA,NA,NA,NA,90,116,58,12 Oct 2021
104.94064200000038,9H 40M 59S,NA,NA,NA,NA,NA,NA,NA,NA,NA,NA,NA,NA,34859,Tue,Oct,12,2021,NA,NA,NA,NA,79,100,57,12 Oct 2021
110.2326670000004,9H 41M 8S,NA,NA,NA,NA,NA,NA,NA,NA,NA,NA,NA,NA,34868,Tue,Oct,12,2021,NA,NA,NA,NA,71,80,53,12 Oct 2021
115.43271800000036,9H 41M 17S,NA,NA,NA,NA,NA,NA,NA,NA,NA,NA,NA,NA,34877,Tue,Oct,12,2021,NA,NA,NA,NA,64,69,51,12 Oct 2021
120.75046500000043,9H 41M 26S,NA,NA,NA,NA,NA,NA,NA,NA,NA,NA,NA,NA,34886,Tue,Oct,12,2021,NA,NA,NA,NA,60,62,55,12 Oct 2021
126.67028000000043,9H 41M 36S,NA,NA,NA,NA,NA,NA,NA,NA,NA,NA,NA,NA,34896,Tue,Oct,12,2021,NA,NA,NA,NA,55,54,54,12 Oct 2021
131.97397900000033,9H 41M 45S,NA,NA,NA,NA,NA,NA,NA,NA,NA,NA,NA,NA,34905,Tue,Oct,12,2021,NA,NA,NA,NA,52,52,54,12 Oct 2021
137.38023900000036,9H 41M 54S,NA,NA,NA,NA,NA,NA,NA,NA,NA,NA,NA,NA,34914,Tue,Oct,12,2021,NA,NA,NA,NA,50,53,56,12 Oct 2021
142.62499500000038,9H 42M 3S,NA,NA,NA,NA,NA,NA,NA,NA,NA,NA,NA,NA,34923,Tue,Oct,12,2021,NA,NA,NA,NA,50,51,56,12 Oct 2021
147.94099400000044,9H 42M 12S,NA,NA,NA,NA,NA,NA,NA,NA,NA,NA,NA,NA,34932,Tue,Oct,12,2021,NA,NA,NA,NA,50,50,56,12 Oct 2021
153.2010790000004,9H 42M 21S,NA,NA,NA,NA,NA,NA,NA,NA,NA,NA,NA,NA,34941,Tue,Oct,12,2021,NA,NA,NA,NA,46,50,54,12 Oct 2021
158.53179200000048,9H 42M 30S,NA,NA,NA,NA,NA,NA,NA,NA,NA,NA,NA,NA,34950,Tue,Oct,12,2021,NA,NA,NA,NA,49,52,54,12 Oct 2021
163.60044900000037,9H 42M 39S,NA,NA,NA,NA,NA,NA,NA,NA,NA,NA,NA,NA,34959,Tue,Oct,12,2021,NA,NA,NA,NA,49,51,55,12 Oct 2021
168.98388600000035,9H 42M 48S,NA,NA,NA,NA,NA,NA,NA,NA,NA,NA,NA,NA,34968,Tue,Oct,12,2021,NA,NA,NA,NA,54,51,53,12 Oct 2021
174.16812000000047,9H 42M 57S,NA,NA,NA,NA,NA,NA,NA,NA,NA,NA,NA,NA,34977,Tue,Oct,12,2021,NA,NA,NA,NA,50,50,57,12 Oct 2021
179.28489500000032,9H 43M 6S,NA,NA,NA,NA,NA,NA,NA,NA,NA,NA,NA,NA,34986,Tue,Oct,12,2021,NA,NA,NA,NA,49,50,52,12 Oct 2021
184.5673660000003,9H 43M 15S,NA,NA,NA,NA,NA,NA,NA,NA,NA,NA,NA,NA,34995,Tue,Oct,12,2021,NA,NA,NA,NA,50,49,51,12 Oct 2021
190.24704400000047,9H 43M 25S,NA,NA,NA,NA,NA,NA,NA,NA,NA,NA,NA,NA,35005,Tue,Oct,12,2021,NA,NA,NA,NA,50,51,55,12 Oct 2021
194.78162600000033,9H 43M 33S,NA,NA,NA,NA,NA,NA,NA,NA,NA,NA,NA,NA,35013,Tue,Oct,12,2021,NA,NA,NA,NA,44,48,51,12 Oct 2021
200.51299400000045,9H 43M 43S,NA,NA,NA,NA,NA,NA,NA,NA,NA,NA,NA,NA,35023,Tue,Oct,12,2021,NA,NA,NA,NA,50,51,52,12 Oct 2021
205.63839000000036,9H 43M 52S,NA,NA,NA,NA,NA,NA,NA,NA,NA,NA,NA,NA,35032,Tue,Oct,12,2021,NA,NA,NA,NA,52,51,53,12 Oct 2021
210.80796200000034,9H 44M 1S,NA,NA,NA,NA,NA,NA,NA,NA,NA,NA,NA,NA,35041,Tue,Oct,12,2021,NA,NA,NA,NA,48,47,54,12 Oct 2021
216.01529800000034,9H 44M 10S,NA,NA,NA,NA,NA,NA,NA,NA,NA,NA,NA,NA,35050,Tue,Oct,12,2021,NA,NA,NA,NA,50,53,54,12 Oct 2021
221.33020500000038,9H 44M 19S,NA,NA,NA,NA,NA,NA,NA,NA,NA,NA,NA,NA,35059,Tue,Oct,12,2021,NA,NA,NA,NA,50,50,55,12 Oct 2021
226.4141290000004,9H 44M 28S,NA,NA,NA,NA,NA,NA,NA,NA,NA,NA,NA,NA,35068,Tue,Oct,12,2021,NA,NA,NA,NA,50,51,58,12 Oct 2021
231.04686900000038,9H 44M 36S,NA,NA,NA,NA,NA,NA,NA,NA,NA,NA,NA,NA,35076,Tue,Oct,12,2021,NA,NA,NA,NA,47,50,57,12 Oct 2021
236.80798600000043,9H 44M 46S,NA,NA,NA,NA,NA,NA,NA,NA,NA,NA,NA,NA,35086,Tue,Oct,12,2021,NA,NA,NA,NA,50,50,56,12 Oct 2021
242.22007900000037,9H 44M 55S,NA,NA,NA,NA,NA,NA,NA,NA,NA,NA,NA,NA,35095,Tue,Oct,12,2021,NA,NA,NA,NA,51,49,54,12 Oct 2021
247.30052500000033,9H 45M 4S,NA,NA,NA,NA,NA,NA,NA,NA,NA,NA,NA,NA,35104,Tue,Oct,12,2021,NA,NA,NA,NA,47,50,55,12 Oct 2021
252.5306420000004,9H 45M 13S,NA,NA,NA,NA,NA,NA,NA,NA,NA,NA,NA,NA,35113,Tue,Oct,12,2021,NA,NA,NA,NA,49,47,50,12 Oct 2021
258.2979870000003,9H 45M 23S,NA,NA,NA,NA,NA,NA,NA,NA,NA,NA,NA,NA,35123,Tue,Oct,12,2021,NA,NA,NA,NA,47,51,56,12 Oct 2021
263.4533560000004,9H 45M 32S,NA,NA,NA,NA,NA,NA,NA,NA,NA,NA,NA,NA,35132,Tue,Oct,12,2021,NA,NA,NA,NA,40,52,53,12 Oct 2021
268.17357600000025,9H 45M 40S,NA,NA,NA,NA,NA,NA,NA,NA,NA,NA,NA,NA,35140,Tue,Oct,12,2021,NA,NA,NA,NA,51,51,52,12 Oct 2021
273.90518900000035,9H 45M 50S,NA,NA,NA,NA,NA,NA,NA,NA,NA,NA,NA,NA,35150,Tue,Oct,12,2021,NA,NA,NA,NA,57,48,54,12 Oct 2021
279.2964740000004,9H 45M 59S,NA,NA,NA,NA,NA,NA,NA,NA,NA,NA,NA,NA,35159,Tue,Oct,12,2021,NA,NA,NA,NA,51,50,54,12 Oct 2021
284.35388700000027,9H 46M 8S,NA,NA,NA,NA,NA,NA,NA,NA,NA,NA,NA,NA,35168,Tue,Oct,12,2021,NA,NA,NA,NA,59,50,56,12 Oct 2021
289.53296200000034,9H 46M 17S,NA,NA,NA,NA,NA,NA,NA,NA,NA,NA,NA,NA,35177,Tue,Oct,12,2021,NA,NA,NA,NA,56,49,52,12 Oct 2021
294.96247300000044,9H 46M 26S,NA,NA,NA,NA,NA,NA,NA,NA,NA,NA,NA,NA,35186,Tue,Oct,12,2021,NA,NA,NA,NA,57,51,53,12 Oct 2021
300.0297200000002,9H 46M 35S,NA,NA,NA,NA,NA,NA,NA,NA,NA,NA,NA,NA,35195,Tue,Oct,12,2021,NA,NA,NA,NA,58,47,52,12 Oct 2021
305.4025320000004,9H 46M 44S,NA,NA,NA,NA,NA,NA,NA,NA,NA,NA,NA,NA,35204,Tue,Oct,12,2021,NA,NA,NA,NA,60,46,49,12 Oct 2021
310.4306170000004,9H 46M 53S,NA,NA,NA,NA,NA,NA,NA,NA,NA,NA,NA,NA,35213,Tue,Oct,12,2021,NA,NA,NA,NA,52,50,54,12 Oct 2021
315.8484480000004,9H 47M 2S,NA,NA,NA,NA,NA,NA,NA,NA,NA,NA,NA,NA,35222,Tue,Oct,12,2021,NA,NA,NA,NA,48,50,54,12 Oct 2021
321.43081800000044,9H 47M 12S,NA,NA,NA,NA,NA,NA,NA,NA,NA,NA,NA,NA,35232,Tue,Oct,12,2021,NA,NA,NA,NA,55,50,55,12 Oct 2021
326.72590100000053,9H 47M 21S,NA,NA,NA,NA,NA,NA,NA,NA,NA,NA,NA,NA,35241,Tue,Oct,12,2021,NA,NA,NA,NA,57,51,53,12 Oct 2021
331.3191640000003,9H 47M 29S,NA,NA,NA,NA,NA,NA,NA,NA,NA,NA,NA,NA,35249,Tue,Oct,12,2021,NA,NA,NA,NA,52,48,50,12 Oct 2021
337.24342400000035,9H 47M 39S,NA,NA,NA,NA,NA,NA,NA,NA,NA,NA,NA,NA,35259,Tue,Oct,12,2021,NA,NA,NA,NA,59,49,54,12 Oct 2021
342.4225650000005,9H 47M 48S,NA,NA,NA,NA,NA,NA,NA,NA,NA,NA,NA,NA,35268,Tue,Oct,12,2021,NA,NA,NA,NA,59,48,53,12 Oct 2021
347.65958200000046,9H 47M 57S,NA,NA,NA,NA,NA,NA,NA,NA,NA,NA,NA,NA,35277,Tue,Oct,12,2021,NA,NA,NA,NA,60,46,54,12 Oct 2021
353.0245410000004,9H 48M 6S,NA,NA,NA,NA,NA,NA,NA,NA,NA,NA,NA,NA,35286,Tue,Oct,12,2021,NA,NA,NA,NA,58,48,56,12 Oct 2021
358.25851500000044,9H 48M 15S,NA,NA,NA,NA,NA,NA,NA,NA,NA,NA,NA,NA,35295,Tue,Oct,12,2021,NA,NA,NA,NA,60,50,54,12 Oct 2021
363.32030600000036,9H 48M 24S,NA,NA,NA,NA,NA,NA,NA,NA,NA,NA,NA,NA,35304,Tue,Oct,12,2021,NA,NA,NA,NA,59,50,53,12 Oct 2021
368.7799860000004,9H 48M 33S,NA,NA,NA,NA,NA,NA,NA,NA,NA,NA,NA,NA,35313,Tue,Oct,12,2021,NA,NA,NA,NA,57,46,51,12 Oct 2021
372.6753900000004,9H 48M 40S,NA,NA,NA,NA,NA,NA,NA,NA,NA,NA,NA,NA,35320,Tue,Oct,12,2021,NA,NA,NA,NA,58,46,52,12 Oct 2021
373.99272500000046,9H 48M 42S,NA,NA,NA,NA,NA,NA,NA,NA,NA,NA,NA,NA,35322,Tue,Oct,12,2021,NA,NA,NA,NA,60,47,53,12 Oct 2021
379.4866340000003,9H 48M 51S,NA,NA,NA,NA,NA,NA,NA,NA,NA,NA,NA,NA,35331,Tue,Oct,12,2021,NA,NA,NA,NA,59,50,56,12 Oct 2021
385.4534640000005,9H 49M 1S,NA,NA,NA,NA,NA,NA,NA,NA,NA,NA,NA,NA,35341,Tue,Oct,12,2021,NA,NA,NA,NA,58,48,53,12 Oct 2021
390.1094820000004,9H 49M 9S,NA,NA,NA,NA,NA,NA,NA,NA,NA,NA,NA,NA,35349,Tue,Oct,12,2021,NA,NA,NA,NA,58,47,53,12 Oct 2021
396.42252500000035,9H 49M 19S,NA,NA,NA,NA,NA,NA,NA,NA,NA,NA,NA,NA,35359,Tue,Oct,12,2021,NA,NA,NA,NA,62,50,52,12 Oct 2021
401.6084810000005,9H 49M 28S,NA,NA,NA,NA,NA,NA,NA,NA,NA,NA,NA,NA,35368,Tue,Oct,12,2021,NA,NA,NA,NA,58,48,53,12 Oct 2021
404.7576989999999,9H 49M 37S,NA,NA,NA,NA,NA,NA,NA,NA,NA,NA,NA,NA,35377,Tue,Oct,12,2021,NA,NA,NA,NA,57,49,52,12 Oct 2021
404.68642,9H 49M 46S,NA,NA,NA,NA,NA,NA,NA,NA,NA,NA,NA,NA,35386,Tue,Oct,12,2021,NA,NA,NA,NA,56,49,53,12 Oct 2021
